filename,label
1804604.jpg,F
1379035.jpg,F
1349340.jpg,F
1133481.jpg,F
1119461.jpg,F
0681458.jpg,F
1592610.jpg,F
2118958.jpg,F
1596391.jpg,F
1415519.jpg,F
0896698.jpg,F
1112805.jpg,F
1601611.jpg,F
0141433.jpg,F
1378673.jpg,F
1764706.jpg,F
0440929.jpg,F
1895222.jpg,F
2132449.jpg,F
1596394.jpg,F
1357182.jpg,F
1600188.jpg,F
1592595.jpg,F
1307362.jpg,F
1418311.jpg,F
1810600.jpg,F
2118959.jpg,F
0465507.jpg,F
1416499.jpg,F
2123736.jpg,F
1808795.jpg,F
1254669.jpg,F
1987891.jpg,F
0440195.jpg,F
1351642.jpg,F
1373011.jpg,F
1596392.jpg,F
1842075.jpg,F
1377656.jpg,F
0871496.jpg,F
1784221.jpg,F
1895220.jpg,F
1807897.jpg,F
1601716.jpg,F
1889546.jpg,F
0691271.jpg,F
1131594.jpg,F
0780680.jpg,F
1987430.jpg,F
1931272.jpg,F
1768758.jpg,E-195
1935754.jpg,E-195
2094472.jpg,E-195
2188151.jpg,E-195
1455394.jpg,E-195
1650653.jpg,E-195
1520357.jpg,E-195
1330195.jpg,E-195
1818393.jpg,E-195
2137129.jpg,E-195
2091938.jpg,E-195
2259453.jpg,E-195
1905022.jpg,E-195
2156795.jpg,E-195
1795700.jpg,E-195
1795554.jpg,E-195
1679201.jpg,E-195
2114112.jpg,E-195
2065262.jpg,E-195
2001300.jpg,E-195
1779182.jpg,E-195
2022236.jpg,E-195
2195128.jpg,E-195
2242332.jpg,E-195
1917223.jpg,E-195
2143568.jpg,E-195
2098306.jpg,E-195
1796759.jpg,E-195
1981537.jpg,E-195
1459931.jpg,E-195
1686316.jpg,E-195
2040682.jpg,E-195
2044260.jpg,E-195
2021843.jpg,E-195
2253635.jpg,E-195
1210745.jpg,E-195
1176910.jpg,E-195
1916452.jpg,E-195
1659671.jpg,E-195
2019474.jpg,E-195
1829675.jpg,E-195
1469699.jpg,E-195
1398982.jpg,E-195
1799469.jpg,E-195
2123883.jpg,E-195
1550042.jpg,E-195
2115085.jpg,E-195
1777801.jpg,E-195
1966259.jpg,E-195
1621701.jpg,E-195
1218928.jpg,A340-500
1753485.jpg,A340-500
1469692.jpg,A340-500
1857215.jpg,A340-500
2084805.jpg,A340-500
0745521.jpg,A340-500
1103339.jpg,A340-500
1081563.jpg,A340-500
1469709.jpg,A340-500
0962152.jpg,A340-500
1864340.jpg,A340-500
1701067.jpg,A340-500
1421346.jpg,A340-500
1206539.jpg,A340-500
0959085.jpg,A340-500
1417964.jpg,A340-500
1152283.jpg,A340-500
0727647.jpg,A340-500
1136154.jpg,A340-500
2081098.jpg,A340-500
0996453.jpg,A340-500
0885622.jpg,A340-500
1540100.jpg,A340-500
1631994.jpg,A340-500
1633998.jpg,A340-500
0968259.jpg,A340-500
0986170.jpg,A340-500
0776777.jpg,A340-500
0927368.jpg,A340-500
0935983.jpg,A340-500
1698608.jpg,A340-500
0799696.jpg,A340-500
1659449.jpg,A340-500
1429538.jpg,A340-500
1880761.jpg,A340-500
0727358.jpg,A340-500
2044905.jpg,A340-500
1240315.jpg,A340-500
1013667.jpg,A340-500
1858302.jpg,A340-500
1830876.jpg,A340-500
1205178.jpg,A340-500
1358180.jpg,A340-500
1062482.jpg,A340-500
2049626.jpg,A340-500
0633233.jpg,A340-500
1951706.jpg,A340-500
1818737.jpg,A340-500
2222666.jpg,A340-500
1708096.jpg,A340-500
2217839.jpg,737-400
0562105.jpg,737-400
0682201.jpg,737-400
1696061.jpg,737-400
2117477.jpg,737-400
0768400.jpg,737-400
0973082.jpg,737-400
0851302.jpg,737-400
2186493.jpg,737-400
1059090.jpg,737-400
0939537.jpg,737-400
0829999.jpg,737-400
0699596.jpg,737-400
2026894.jpg,737-400
1017287.jpg,737-400
0063284.jpg,737-400
1527501.jpg,737-400
1119094.jpg,737-400
1382601.jpg,737-400
0523207.jpg,737-400
0923504.jpg,737-400
1334567.jpg,737-400
1115400.jpg,737-400
1163484.jpg,737-400
1871885.jpg,737-400
2066262.jpg,737-400
1559372.jpg,737-400
1368847.jpg,737-400
0988944.jpg,737-400
0649690.jpg,737-400
0987619.jpg,737-400
2236962.jpg,737-400
1917739.jpg,737-400
0195013.jpg,737-400
0923560.jpg,737-400
0487357.jpg,737-400
1277633.jpg,737-400
1237623.jpg,737-400
1966165.jpg,737-400
0572861.jpg,737-400
1876021.jpg,737-400
1846193.jpg,737-400
0302648.jpg,737-400
2178143.jpg,737-400
2031382.jpg,737-400
0328123.jpg,737-400
0337370.jpg,737-400
1163792.jpg,737-400
1884743.jpg,737-400
1474251.jpg,737-400
1291894.jpg,A300B4
1013519.jpg,A300B4
0454802.jpg,A300B4
1255726.jpg,A300B4
0345781.jpg,A300B4
0184344.jpg,A300B4
0661930.jpg,A300B4
0174895.jpg,A300B4
0483243.jpg,A300B4
1906074.jpg,A300B4
1294506.jpg,A300B4
0923710.jpg,A300B4
0065226.jpg,A300B4
2252347.jpg,A300B4
0924311.jpg,A300B4
1511271.jpg,A300B4
0939485.jpg,A300B4
1447577.jpg,A300B4
0203220.jpg,A300B4
0584536.jpg,A300B4
0167092.jpg,A300B4
0735016.jpg,A300B4
0064072.jpg,A300B4
0136190.jpg,A300B4
0677162.jpg,A300B4
2175626.jpg,A300B4
0104832.jpg,A300B4
0133435.jpg,A300B4
0901374.jpg,A300B4
0875360.jpg,A300B4
0102223.jpg,A300B4
0065780.jpg,A300B4
0995410.jpg,A300B4
0185316.jpg,A300B4
0857110.jpg,A300B4
0768404.jpg,A300B4
0901516.jpg,A300B4
1355230.jpg,A300B4
0091354.jpg,A300B4
0907390.jpg,A300B4
0576242.jpg,A300B4
0066532.jpg,A300B4
0066522.jpg,A300B4
0063290.jpg,A300B4
1517855.jpg,A300B4
0100206.jpg,A300B4
1423425.jpg,A300B4
0680027.jpg,A300B4
0361112.jpg,A300B4
1608203.jpg,A300B4
2243578.jpg,PA-28
0885590.jpg,PA-28
0102242.jpg,PA-28
0100263.jpg,PA-28
0996666.jpg,PA-28
0749919.jpg,PA-28
1119554.jpg,PA-28
1507344.jpg,PA-28
0768287.jpg,PA-28
1739709.jpg,PA-28
1066879.jpg,PA-28
0104863.jpg,PA-28
2228410.jpg,PA-28
1188309.jpg,PA-28
1311406.jpg,PA-28
1593589.jpg,PA-28
1329898.jpg,PA-28
1269238.jpg,PA-28
1928766.jpg,PA-28
1673633.jpg,PA-28
1374624.jpg,PA-28
1034887.jpg,PA-28
1977631.jpg,PA-28
1254806.jpg,PA-28
2114201.jpg,PA-28
1287238.jpg,PA-28
1726550.jpg,PA-28
0879367.jpg,PA-28
1151769.jpg,PA-28
1423432.jpg,PA-28
1906969.jpg,PA-28
1626894.jpg,PA-28
1159084.jpg,PA-28
2186728.jpg,PA-28
1090095.jpg,PA-28
1398419.jpg,PA-28
2262617.jpg,PA-28
1021870.jpg,PA-28
1646253.jpg,PA-28
0104814.jpg,PA-28
1307739.jpg,PA-28
1482540.jpg,PA-28
0793692.jpg,PA-28
1302842.jpg,PA-28
1216713.jpg,PA-28
1010412.jpg,PA-28
2074640.jpg,PA-28
2259257.jpg,PA-28
1485655.jpg,PA-28
1667002.jpg,PA-28
1543493.jpg,Falcon 900
0458651.jpg,Falcon 900
0973100.jpg,Falcon 900
0299620.jpg,Falcon 900
1726555.jpg,Falcon 900
1677382.jpg,Falcon 900
2137164.jpg,Falcon 900
1386248.jpg,Falcon 900
1344015.jpg,Falcon 900
0302922.jpg,Falcon 900
1918575.jpg,Falcon 900
2045348.jpg,Falcon 900
1878591.jpg,Falcon 900
1344355.jpg,Falcon 900
1251098.jpg,Falcon 900
1611166.jpg,Falcon 900
1260868.jpg,Falcon 900
1898332.jpg,Falcon 900
1539226.jpg,Falcon 900
1256114.jpg,Falcon 900
2184367.jpg,Falcon 900
0497638.jpg,Falcon 900
0753073.jpg,Falcon 900
1338550.jpg,Falcon 900
0233772.jpg,Falcon 900
1900832.jpg,Falcon 900
2213701.jpg,Falcon 900
1493116.jpg,Falcon 900
0547319.jpg,Falcon 900
1362800.jpg,Falcon 900
1686506.jpg,Falcon 900
1062012.jpg,Falcon 900
2123950.jpg,Falcon 900
1935338.jpg,Falcon 900
1518449.jpg,Falcon 900
1062014.jpg,Falcon 900
1758584.jpg,Falcon 900
1792324.jpg,Falcon 900
1379513.jpg,Falcon 900
0085358.jpg,Falcon 900
0601504.jpg,Falcon 900
1630527.jpg,Falcon 900
1774329.jpg,Falcon 900
1843806.jpg,Falcon 900
2173877.jpg,Falcon 900
1870831.jpg,Falcon 900
1026502.jpg,Falcon 900
0384439.jpg,Falcon 900
2227042.jpg,Falcon 900
1291351.jpg,Falcon 900
1098609.jpg,Gulfstream V
0498315.jpg,Gulfstream V
1290539.jpg,Gulfstream V
1166589.jpg,Gulfstream V
1215515.jpg,Gulfstream V
1852004.jpg,Gulfstream V
0913940.jpg,Gulfstream V
1420523.jpg,Gulfstream V
0275671.jpg,Gulfstream V
1655614.jpg,Gulfstream V
0555526.jpg,Gulfstream V
1315973.jpg,Gulfstream V
2139678.jpg,Gulfstream V
1771969.jpg,Gulfstream V
1300002.jpg,Gulfstream V
1077924.jpg,Gulfstream V
0965713.jpg,Gulfstream V
1542799.jpg,Gulfstream V
1355623.jpg,Gulfstream V
0447762.jpg,Gulfstream V
0868105.jpg,Gulfstream V
1244306.jpg,Gulfstream V
1034793.jpg,Gulfstream V
1718620.jpg,Gulfstream V
1308524.jpg,Gulfstream V
0488772.jpg,Gulfstream V
0130154.jpg,Gulfstream V
0492487.jpg,Gulfstream V
1796772.jpg,Gulfstream V
2137160.jpg,Gulfstream V
1950559.jpg,Gulfstream V
1256465.jpg,Gulfstream V
0498138.jpg,Gulfstream V
1141657.jpg,Gulfstream V
1410097.jpg,Gulfstream V
2211444.jpg,Gulfstream V
0781152.jpg,Gulfstream V
1857543.jpg,Gulfstream V
1549874.jpg,Gulfstream V
2180833.jpg,Gulfstream V
1400738.jpg,Gulfstream V
0422472.jpg,Gulfstream V
1471641.jpg,Gulfstream V
2106202.jpg,Gulfstream V
1636521.jpg,Gulfstream V
2260732.jpg,Gulfstream V
1063148.jpg,Gulfstream V
1362726.jpg,Gulfstream V
0914555.jpg,Gulfstream V
1619270.jpg,Gulfstream V
0434345.jpg,C-130
0706206.jpg,C-130
0774763.jpg,C-130
1196802.jpg,C-130
0573367.jpg,C-130
0958085.jpg,C-130
1584757.jpg,C-130
0755464.jpg,C-130
1564427.jpg,C-130
1768029.jpg,C-130
0977928.jpg,C-130
0890439.jpg,C-130
1559003.jpg,C-130
1364712.jpg,C-130
1017178.jpg,C-130
1395431.jpg,C-130
1753610.jpg,C-130
0553599.jpg,C-130
1085194.jpg,C-130
1564407.jpg,C-130
1586062.jpg,C-130
0771793.jpg,C-130
2175630.jpg,C-130
0773400.jpg,C-130
1522562.jpg,C-130
1940180.jpg,C-130
2139346.jpg,C-130
1202350.jpg,C-130
1762100.jpg,C-130
1794564.jpg,C-130
1055698.jpg,C-130
1534869.jpg,C-130
1404391.jpg,C-130
1621666.jpg,C-130
1033590.jpg,C-130
1373821.jpg,C-130
0681901.jpg,C-130
1869952.jpg,C-130
0759282.jpg,C-130
0883339.jpg,C-130
0978113.jpg,C-130
0883341.jpg,C-130
0772253.jpg,C-130
0635837.jpg,C-130
0771794.jpg,C-130
0869693.jpg,C-130
0773394.jpg,C-130
0967838.jpg,C-130
0774035.jpg,C-130
0606131.jpg,C-130
1539525.jpg,747-400
1623096.jpg,747-400
1018463.jpg,747-400
0678979.jpg,747-400
2119978.jpg,747-400
1256464.jpg,747-400
2102584.jpg,747-400
1376174.jpg,747-400
1650652.jpg,747-400
0056299.jpg,747-400
1506896.jpg,747-400
1244348.jpg,747-400
1088007.jpg,747-400
1928510.jpg,747-400
1860132.jpg,747-400
0065826.jpg,747-400
1960593.jpg,747-400
1603036.jpg,747-400
0062769.jpg,747-400
1709162.jpg,747-400
1375148.jpg,747-400
2221710.jpg,747-400
1233576.jpg,747-400
1922915.jpg,747-400
0946093.jpg,747-400
1204178.jpg,747-400
1212012.jpg,747-400
0491938.jpg,747-400
1767106.jpg,747-400
1700644.jpg,747-400
0766314.jpg,747-400
0894240.jpg,747-400
0888512.jpg,747-400
2244841.jpg,747-400
0929568.jpg,747-400
1891189.jpg,747-400
1663372.jpg,747-400
2079513.jpg,747-400
0062672.jpg,747-400
2047538.jpg,747-400
1505652.jpg,747-400
1469691.jpg,747-400
2131569.jpg,747-400
0492477.jpg,747-400
1566619.jpg,747-400
1600251.jpg,747-400
1139712.jpg,747-400
1572354.jpg,747-400
2094829.jpg,747-400
2230119.jpg,747-400
1204263.jpg,757-300
1534214.jpg,757-300
1313225.jpg,757-300
1630526.jpg,757-300
2099420.jpg,757-300
0130597.jpg,757-300
0205784.jpg,757-300
1004797.jpg,757-300
0469653.jpg,757-300
1416312.jpg,757-300
1892614.jpg,757-300
1564943.jpg,757-300
1944650.jpg,757-300
2140530.jpg,757-300
0447753.jpg,757-300
1213050.jpg,757-300
1647406.jpg,757-300
0478342.jpg,757-300
1650624.jpg,757-300
1122464.jpg,757-300
1221753.jpg,757-300
1279666.jpg,757-300
1810927.jpg,757-300
0467431.jpg,757-300
1550890.jpg,757-300
2127992.jpg,757-300
0715299.jpg,757-300
1338255.jpg,757-300
0709566.jpg,757-300
0594827.jpg,757-300
1629329.jpg,757-300
1255496.jpg,757-300
2020641.jpg,757-300
1146631.jpg,757-300
0522873.jpg,757-300
0158891.jpg,757-300
1767104.jpg,757-300
1398983.jpg,757-300
1471690.jpg,757-300
1277617.jpg,757-300
1486878.jpg,757-300
0839551.jpg,757-300
0662343.jpg,757-300
2199948.jpg,757-300
1298912.jpg,757-300
1774577.jpg,757-300
0658111.jpg,757-300
1261956.jpg,757-300
1017288.jpg,757-300
0924404.jpg,757-300
1122577.jpg,Saab 2000
1807104.jpg,Saab 2000
1145214.jpg,Saab 2000
1818870.jpg,Saab 2000
1290986.jpg,Saab 2000
0127634.jpg,Saab 2000
1187417.jpg,Saab 2000
0067617.jpg,Saab 2000
1168287.jpg,Saab 2000
0939487.jpg,Saab 2000
1389715.jpg,Saab 2000
2251908.jpg,Saab 2000
0114421.jpg,Saab 2000
1037507.jpg,Saab 2000
0922520.jpg,Saab 2000
0939486.jpg,Saab 2000
1909792.jpg,Saab 2000
2026755.jpg,Saab 2000
0257281.jpg,Saab 2000
1271556.jpg,Saab 2000
0936113.jpg,Saab 2000
1088367.jpg,Saab 2000
0962576.jpg,Saab 2000
0923766.jpg,Saab 2000
0763431.jpg,Saab 2000
0936826.jpg,Saab 2000
1966254.jpg,Saab 2000
1386609.jpg,Saab 2000
1014304.jpg,Saab 2000
1827290.jpg,Saab 2000
2192173.jpg,Saab 2000
0451224.jpg,Saab 2000
1878600.jpg,Saab 2000
1741949.jpg,Saab 2000
1834804.jpg,Saab 2000
0967849.jpg,Saab 2000
2094478.jpg,Saab 2000
1122271.jpg,Saab 2000
1597800.jpg,Saab 2000
1151884.jpg,Saab 2000
2157193.jpg,Saab 2000
1292321.jpg,Saab 2000
0711206.jpg,Saab 2000
1026714.jpg,Saab 2000
1219250.jpg,Saab 2000
2211302.jpg,Saab 2000
1162919.jpg,Saab 2000
1889572.jpg,Saab 2000
1912857.jpg,Saab 2000
0874688.jpg,Saab 2000
1373009.jpg,Eurofighter Typhoon
1658293.jpg,Eurofighter Typhoon
1735490.jpg,Eurofighter Typhoon
1952462.jpg,Eurofighter Typhoon
1981388.jpg,Eurofighter Typhoon
1827566.jpg,Eurofighter Typhoon
1465191.jpg,Eurofighter Typhoon
1720365.jpg,Eurofighter Typhoon
1351641.jpg,Eurofighter Typhoon
1940260.jpg,Eurofighter Typhoon
0607514.jpg,Eurofighter Typhoon
2157819.jpg,Eurofighter Typhoon
1220155.jpg,Eurofighter Typhoon
1454285.jpg,Eurofighter Typhoon
1254962.jpg,Eurofighter Typhoon
1716747.jpg,Eurofighter Typhoon
1232268.jpg,Eurofighter Typhoon
0876574.jpg,Eurofighter Typhoon
1764776.jpg,Eurofighter Typhoon
1091953.jpg,Eurofighter Typhoon
0368821.jpg,Eurofighter Typhoon
1364710.jpg,Eurofighter Typhoon
1496924.jpg,Eurofighter Typhoon
1564429.jpg,Eurofighter Typhoon
1251381.jpg,Eurofighter Typhoon
1739390.jpg,Eurofighter Typhoon
1265382.jpg,Eurofighter Typhoon
1357292.jpg,Eurofighter Typhoon
2214647.jpg,Eurofighter Typhoon
1581564.jpg,Eurofighter Typhoon
2185361.jpg,Eurofighter Typhoon
1499880.jpg,Eurofighter Typhoon
1278473.jpg,Eurofighter Typhoon
1303850.jpg,Eurofighter Typhoon
1333639.jpg,Eurofighter Typhoon
1709263.jpg,Eurofighter Typhoon
1269006.jpg,Eurofighter Typhoon
1752996.jpg,Eurofighter Typhoon
1349341.jpg,Eurofighter Typhoon
0607517.jpg,Eurofighter Typhoon
1966169.jpg,Eurofighter Typhoon
2136366.jpg,Eurofighter Typhoon
1076273.jpg,Eurofighter Typhoon
1706719.jpg,Eurofighter Typhoon
0382062.jpg,Eurofighter Typhoon
1299226.jpg,Eurofighter Typhoon
1357748.jpg,Eurofighter Typhoon
1640437.jpg,Eurofighter Typhoon
1838247.jpg,Eurofighter Typhoon
1660305.jpg,Eurofighter Typhoon
0577856.jpg,Il-76
1446340.jpg,Il-76
1001728.jpg,Il-76
1826521.jpg,Il-76
0902147.jpg,Il-76
0523184.jpg,Il-76
1063985.jpg,Il-76
0786220.jpg,Il-76
0808933.jpg,Il-76
0522938.jpg,Il-76
1617995.jpg,Il-76
1623084.jpg,Il-76
0811679.jpg,Il-76
0973255.jpg,Il-76
1398963.jpg,Il-76
1202520.jpg,Il-76
1066875.jpg,Il-76
0869721.jpg,Il-76
1164960.jpg,Il-76
1869888.jpg,Il-76
0813549.jpg,Il-76
0756076.jpg,Il-76
0523246.jpg,Il-76
0447776.jpg,Il-76
1999871.jpg,Il-76
0523183.jpg,Il-76
1682062.jpg,Il-76
1398527.jpg,Il-76
0195729.jpg,Il-76
0751327.jpg,Il-76
1065592.jpg,Il-76
1313042.jpg,Il-76
0812685.jpg,Il-76
1869890.jpg,Il-76
0582379.jpg,Il-76
0735988.jpg,Il-76
0738232.jpg,Il-76
0523093.jpg,Il-76
1002202.jpg,Il-76
2117431.jpg,Il-76
1723913.jpg,Il-76
0758789.jpg,Il-76
1476163.jpg,Il-76
1155366.jpg,Il-76
1240215.jpg,Il-76
0434362.jpg,Il-76
1869891.jpg,Il-76
1725715.jpg,Il-76
0065838.jpg,Il-76
0576249.jpg,Il-76
1461262.jpg,MD-87
0740891.jpg,MD-87
0255295.jpg,MD-87
2021840.jpg,MD-87
1004662.jpg,MD-87
0817414.jpg,MD-87
0742025.jpg,MD-87
0174941.jpg,MD-87
0337279.jpg,MD-87
0782915.jpg,MD-87
1026719.jpg,MD-87
1772017.jpg,MD-87
1364623.jpg,MD-87
1283328.jpg,MD-87
1495242.jpg,MD-87
0866092.jpg,MD-87
0114427.jpg,MD-87
0089230.jpg,MD-87
0874951.jpg,MD-87
0957050.jpg,MD-87
1197109.jpg,MD-87
1950537.jpg,MD-87
0197002.jpg,MD-87
0924092.jpg,MD-87
0523047.jpg,MD-87
0418704.jpg,MD-87
0977340.jpg,MD-87
1396728.jpg,MD-87
0771899.jpg,MD-87
1227201.jpg,MD-87
0136383.jpg,MD-87
1292318.jpg,MD-87
0422705.jpg,MD-87
0109457.jpg,MD-87
1351205.jpg,MD-87
1265320.jpg,MD-87
1063410.jpg,MD-87
0361614.jpg,MD-87
0880568.jpg,MD-87
1198431.jpg,MD-87
1589252.jpg,MD-87
1265380.jpg,MD-87
1517885.jpg,MD-87
0116701.jpg,MD-87
0205785.jpg,MD-87
0418691.jpg,MD-87
1467694.jpg,MD-87
1429258.jpg,MD-87
0193728.jpg,MD-87
1194590.jpg,MD-87
0751325.jpg,Beechcraft 1900
0067473.jpg,Beechcraft 1900
1129974.jpg,Beechcraft 1900
0935361.jpg,Beechcraft 1900
0770350.jpg,Beechcraft 1900
0848067.jpg,Beechcraft 1900
0263496.jpg,Beechcraft 1900
2100530.jpg,Beechcraft 1900
0048339.jpg,Beechcraft 1900
0939509.jpg,Beechcraft 1900
1355201.jpg,Beechcraft 1900
0574352.jpg,Beechcraft 1900
1043369.jpg,Beechcraft 1900
1036822.jpg,Beechcraft 1900
0175726.jpg,Beechcraft 1900
2141016.jpg,Beechcraft 1900
1376991.jpg,Beechcraft 1900
0495198.jpg,Beechcraft 1900
0306188.jpg,Beechcraft 1900
0202466.jpg,Beechcraft 1900
0067035.jpg,Beechcraft 1900
0172093.jpg,Beechcraft 1900
0129326.jpg,Beechcraft 1900
1879805.jpg,Beechcraft 1900
1776868.jpg,Beechcraft 1900
0179022.jpg,Beechcraft 1900
0091405.jpg,Beechcraft 1900
1312418.jpg,Beechcraft 1900
0957980.jpg,Beechcraft 1900
1564412.jpg,Beechcraft 1900
1158571.jpg,Beechcraft 1900
1540395.jpg,Beechcraft 1900
2067975.jpg,Beechcraft 1900
1036862.jpg,Beechcraft 1900
1355200.jpg,Beechcraft 1900
0636482.jpg,Beechcraft 1900
1355218.jpg,Beechcraft 1900
1192657.jpg,Beechcraft 1900
0454535.jpg,Beechcraft 1900
1415430.jpg,Beechcraft 1900
0337963.jpg,Beechcraft 1900
0169310.jpg,Beechcraft 1900
1548200.jpg,Beechcraft 1900
1592286.jpg,Beechcraft 1900
0186424.jpg,Beechcraft 1900
0592099.jpg,Beechcraft 1900
1031460.jpg,Beechcraft 1900
1311978.jpg,Beechcraft 1900
1767102.jpg,Beechcraft 1900
1018464.jpg,Beechcraft 1900
0488515.jpg,CRJ-200
0227144.jpg,CRJ-200
1337508.jpg,CRJ-200
2031889.jpg,CRJ-200
0650211.jpg,CRJ-200
2231271.jpg,CRJ-200
0841712.jpg,CRJ-200
0523111.jpg,CRJ-200
0712062.jpg,CRJ-200
0313724.jpg,CRJ-200
0973103.jpg,CRJ-200
0928613.jpg,CRJ-200
0136184.jpg,CRJ-200
1616482.jpg,CRJ-200
1396940.jpg,CRJ-200
0895892.jpg,CRJ-200
0340217.jpg,CRJ-200
0275729.jpg,CRJ-200
0866582.jpg,CRJ-200
1596711.jpg,CRJ-200
0977248.jpg,CRJ-200
1414836.jpg,CRJ-200
0200888.jpg,CRJ-200
1709125.jpg,CRJ-200
1182683.jpg,CRJ-200
1763290.jpg,CRJ-200
0063273.jpg,CRJ-200
1921769.jpg,CRJ-200
0130598.jpg,CRJ-200
1196786.jpg,CRJ-200
0907437.jpg,CRJ-200
1636446.jpg,CRJ-200
0222923.jpg,CRJ-200
0870126.jpg,CRJ-200
2184006.jpg,CRJ-200
0205781.jpg,CRJ-200
1563563.jpg,CRJ-200
0942395.jpg,CRJ-200
0454583.jpg,CRJ-200
1116482.jpg,CRJ-200
1355445.jpg,CRJ-200
0848069.jpg,CRJ-200
2192666.jpg,CRJ-200
2031400.jpg,CRJ-200
2123951.jpg,CRJ-200
1990014.jpg,CRJ-200
1379571.jpg,CRJ-200
0958484.jpg,CRJ-200
0227135.jpg,CRJ-200
0599217.jpg,CRJ-200
2187803.jpg,DHC-8-300
1618134.jpg,DHC-8-300
1837424.jpg,DHC-8-300
0485221.jpg,DHC-8-300
0127501.jpg,DHC-8-300
1043724.jpg,DHC-8-300
0763430.jpg,DHC-8-300
1291373.jpg,DHC-8-300
2032655.jpg,DHC-8-300
0868108.jpg,DHC-8-300
2191959.jpg,DHC-8-300
2205027.jpg,DHC-8-300
1548444.jpg,DHC-8-300
1675546.jpg,DHC-8-300
1326471.jpg,DHC-8-300
2219553.jpg,DHC-8-300
1043793.jpg,DHC-8-300
0732415.jpg,DHC-8-300
1253533.jpg,DHC-8-300
2163949.jpg,DHC-8-300
2264968.jpg,DHC-8-300
0835324.jpg,DHC-8-300
0193709.jpg,DHC-8-300
1188112.jpg,DHC-8-300
1600342.jpg,DHC-8-300
1983628.jpg,DHC-8-300
0595602.jpg,DHC-8-300
1465203.jpg,DHC-8-300
1144436.jpg,DHC-8-300
1600892.jpg,DHC-8-300
1637519.jpg,DHC-8-300
0977358.jpg,DHC-8-300
1656419.jpg,DHC-8-300
0522866.jpg,DHC-8-300
1146067.jpg,DHC-8-300
2169125.jpg,DHC-8-300
0066278.jpg,DHC-8-300
1605117.jpg,DHC-8-300
1467687.jpg,DHC-8-300
0250398.jpg,DHC-8-300
0413905.jpg,DHC-8-300
0062697.jpg,DHC-8-300
0302002.jpg,DHC-8-300
2147230.jpg,DHC-8-300
2251230.jpg,DHC-8-300
1538836.jpg,DHC-8-300
2106882.jpg,DHC-8-300
1714818.jpg,DHC-8-300
1445108.jpg,DHC-8-300
1709677.jpg,DHC-8-300
1476103.jpg,Embraer Legacy 600
1067522.jpg,Embraer Legacy 600
0779581.jpg,Embraer Legacy 600
2020515.jpg,Embraer Legacy 600
1767653.jpg,Embraer Legacy 600
1714814.jpg,Embraer Legacy 600
1429177.jpg,Embraer Legacy 600
1376737.jpg,Embraer Legacy 600
1891199.jpg,Embraer Legacy 600
1657992.jpg,Embraer Legacy 600
2080691.jpg,Embraer Legacy 600
1163997.jpg,Embraer Legacy 600
2080763.jpg,Embraer Legacy 600
1471734.jpg,Embraer Legacy 600
1521727.jpg,Embraer Legacy 600
1103343.jpg,Embraer Legacy 600
1189508.jpg,Embraer Legacy 600
1670312.jpg,Embraer Legacy 600
1410103.jpg,Embraer Legacy 600
2091945.jpg,Embraer Legacy 600
1169797.jpg,Embraer Legacy 600
0699601.jpg,Embraer Legacy 600
0794898.jpg,Embraer Legacy 600
2106192.jpg,Embraer Legacy 600
1714826.jpg,Embraer Legacy 600
0609174.jpg,Embraer Legacy 600
2255569.jpg,Embraer Legacy 600
1413139.jpg,Embraer Legacy 600
1921274.jpg,Embraer Legacy 600
1053510.jpg,Embraer Legacy 600
1868375.jpg,Embraer Legacy 600
1535182.jpg,Embraer Legacy 600
1655564.jpg,Embraer Legacy 600
0758132.jpg,Embraer Legacy 600
0404487.jpg,Embraer Legacy 600
1539360.jpg,Embraer Legacy 600
1806212.jpg,Embraer Legacy 600
1834788.jpg,Embraer Legacy 600
1647134.jpg,Embraer Legacy 600
2180061.jpg,Embraer Legacy 600
1807109.jpg,Embraer Legacy 600
1730212.jpg,Embraer Legacy 600
0395611.jpg,Embraer Legacy 600
0722894.jpg,Embraer Legacy 600
1599938.jpg,Embraer Legacy 600
1629116.jpg,Embraer Legacy 600
2205702.jpg,Embraer Legacy 600
1465199.jpg,Embraer Legacy 600
2054234.jpg,Embraer Legacy 600
1387200.jpg,Embraer Legacy 600
1935194.jpg,E-190
2185715.jpg,E-190
1762097.jpg,E-190
2259021.jpg,E-190
2218012.jpg,E-190
1951693.jpg,E-190
2013250.jpg,E-190
1952834.jpg,E-190
1420069.jpg,E-190
1759298.jpg,E-190
2113949.jpg,E-190
1692196.jpg,E-190
2054455.jpg,E-190
1949040.jpg,E-190
1637429.jpg,E-190
1826956.jpg,E-190
2057962.jpg,E-190
1351213.jpg,E-190
2262077.jpg,E-190
2240720.jpg,E-190
2265625.jpg,E-190
1926205.jpg,E-190
2251900.jpg,E-190
1999292.jpg,E-190
1658463.jpg,E-190
2164962.jpg,E-190
2100821.jpg,E-190
1086833.jpg,E-190
1932450.jpg,E-190
1861639.jpg,E-190
1364919.jpg,E-190
2225268.jpg,E-190
1860580.jpg,E-190
1018933.jpg,E-190
1458030.jpg,E-190
2162834.jpg,E-190
2264828.jpg,E-190
1801068.jpg,E-190
1258502.jpg,E-190
2158858.jpg,E-190
1818400.jpg,E-190
1610421.jpg,E-190
1296582.jpg,E-190
1088603.jpg,E-190
2220612.jpg,E-190
2060454.jpg,E-190
1699062.jpg,E-190
1644649.jpg,E-190
1680707.jpg,E-190
1326472.jpg,E-190
0494477.jpg,A340-300
1690964.jpg,A340-300
1501931.jpg,A340-300
1277987.jpg,A340-300
1290785.jpg,A340-300
0973041.jpg,A340-300
0077519.jpg,A340-300
2175627.jpg,A340-300
1994544.jpg,A340-300
0219233.jpg,A340-300
1723789.jpg,A340-300
2239298.jpg,A340-300
1413317.jpg,A340-300
1073030.jpg,A340-300
0710650.jpg,A340-300
1750520.jpg,A340-300
0174852.jpg,A340-300
0849418.jpg,A340-300
1609735.jpg,A340-300
0906211.jpg,A340-300
1075856.jpg,A340-300
1649738.jpg,A340-300
1365711.jpg,A340-300
0454595.jpg,A340-300
2170875.jpg,A340-300
1718898.jpg,A340-300
0949944.jpg,A340-300
1348421.jpg,A340-300
2154733.jpg,A340-300
0529811.jpg,A340-300
1194421.jpg,A340-300
1810932.jpg,A340-300
1951612.jpg,A340-300
0745361.jpg,A340-300
0558237.jpg,A340-300
0283609.jpg,A340-300
0447935.jpg,A340-300
1240324.jpg,A340-300
0690074.jpg,A340-300
1250249.jpg,A340-300
0072869.jpg,A340-300
1719561.jpg,A340-300
1469661.jpg,A340-300
0064008.jpg,A340-300
1539298.jpg,A340-300
1879115.jpg,A340-300
0143338.jpg,A340-300
1680766.jpg,A340-300
1589412.jpg,A340-300
1414253.jpg,A340-300
1539325.jpg,A330-200
1880805.jpg,A330-200
0467416.jpg,A330-200
0257026.jpg,A330-200
1910721.jpg,A330-200
1647809.jpg,A330-200
1935749.jpg,A330-200
2137099.jpg,A330-200
1106412.jpg,A330-200
0273146.jpg,A330-200
2131538.jpg,A330-200
1240501.jpg,A330-200
1527486.jpg,A330-200
1253455.jpg,A330-200
2260895.jpg,A330-200
0744228.jpg,A330-200
1017290.jpg,A330-200
1961354.jpg,A330-200
2096236.jpg,A330-200
0950339.jpg,A330-200
2239290.jpg,A330-200
2208639.jpg,A330-200
1917497.jpg,A330-200
1912969.jpg,A330-200
0783815.jpg,A330-200
0350198.jpg,A330-200
0457837.jpg,A330-200
2124486.jpg,A330-200
1560475.jpg,A330-200
1945458.jpg,A330-200
2043110.jpg,A330-200
1148366.jpg,A330-200
1292389.jpg,A330-200
1810201.jpg,A330-200
0523063.jpg,A330-200
1103363.jpg,A330-200
2118302.jpg,A330-200
1917518.jpg,A330-200
1193361.jpg,A330-200
1855382.jpg,A330-200
2183607.jpg,A330-200
1856980.jpg,A330-200
0225212.jpg,A330-200
1413316.jpg,A330-200
1355622.jpg,A330-200
0171414.jpg,A330-200
1869956.jpg,A330-200
2026736.jpg,A330-200
1550643.jpg,A330-200
1376301.jpg,A330-200
1844997.jpg,ATR-42
0114437.jpg,ATR-42
1377098.jpg,ATR-42
1122472.jpg,ATR-42
2243949.jpg,ATR-42
0066977.jpg,ATR-42
0800867.jpg,ATR-42
0311117.jpg,ATR-42
1121149.jpg,ATR-42
0619697.jpg,ATR-42
0967960.jpg,ATR-42
0921761.jpg,ATR-42
0977265.jpg,ATR-42
0901370.jpg,ATR-42
1801880.jpg,ATR-42
0673361.jpg,ATR-42
1673831.jpg,ATR-42
2026727.jpg,ATR-42
0574292.jpg,ATR-42
0522941.jpg,ATR-42
1036859.jpg,ATR-42
0454534.jpg,ATR-42
1169899.jpg,ATR-42
0719823.jpg,ATR-42
1563459.jpg,ATR-42
1023312.jpg,ATR-42
0730742.jpg,ATR-42
0523021.jpg,ATR-42
0848058.jpg,ATR-42
0454780.jpg,ATR-42
1066006.jpg,ATR-42
2176403.jpg,ATR-42
0065768.jpg,ATR-42
0693418.jpg,ATR-42
0833334.jpg,ATR-42
1883803.jpg,ATR-42
1459209.jpg,ATR-42
1393627.jpg,ATR-42
0063923.jpg,ATR-42
1926943.jpg,ATR-42
0069772.jpg,ATR-42
1143414.jpg,ATR-42
0422853.jpg,ATR-42
1570251.jpg,ATR-42
1314987.jpg,ATR-42
1514213.jpg,ATR-42
0562558.jpg,ATR-42
0702843.jpg,ATR-42
1429835.jpg,ATR-42
1036800.jpg,ATR-42
1339052.jpg,737-900
1718867.jpg,737-900
0331279.jpg,737-900
2002223.jpg,737-900
1582314.jpg,737-900
0727254.jpg,737-900
1921783.jpg,737-900
1429709.jpg,737-900
1906352.jpg,737-900
1639843.jpg,737-900
2133249.jpg,737-900
1948449.jpg,737-900
1133684.jpg,737-900
1771959.jpg,737-900
2195500.jpg,737-900
0192179.jpg,737-900
1818747.jpg,737-900
1526476.jpg,737-900
2145082.jpg,737-900
2238661.jpg,737-900
1419049.jpg,737-900
1246918.jpg,737-900
0273141.jpg,737-900
0383399.jpg,737-900
1521763.jpg,737-900
1879110.jpg,737-900
1313348.jpg,737-900
0641165.jpg,737-900
1577934.jpg,737-900
0840357.jpg,737-900
1018862.jpg,737-900
1189521.jpg,737-900
0276022.jpg,737-900
0514744.jpg,737-900
0722225.jpg,737-900
0467798.jpg,737-900
0987802.jpg,737-900
0476825.jpg,737-900
1774010.jpg,737-900
0936143.jpg,737-900
0200422.jpg,737-900
0227126.jpg,737-900
1476615.jpg,737-900
1251519.jpg,737-900
0522872.jpg,737-900
1842042.jpg,737-900
1354835.jpg,737-900
2047628.jpg,737-900
1910716.jpg,737-900
1768538.jpg,737-900
1121142.jpg,737-700
1852007.jpg,737-700
2227525.jpg,737-700
2219111.jpg,737-700
2224807.jpg,737-700
1084518.jpg,737-700
0701140.jpg,737-700
1510253.jpg,737-700
0308863.jpg,737-700
1603205.jpg,737-700
1727704.jpg,737-700
0780820.jpg,737-700
0770474.jpg,737-700
0382052.jpg,737-700
1979663.jpg,737-700
1548400.jpg,737-700
0697386.jpg,737-700
1790921.jpg,737-700
1319791.jpg,737-700
2030599.jpg,737-700
1927317.jpg,737-700
1393634.jpg,737-700
1718621.jpg,737-700
0497534.jpg,737-700
2201377.jpg,737-700
0225227.jpg,737-700
0681537.jpg,737-700
0984409.jpg,737-700
0336540.jpg,737-700
0183579.jpg,737-700
1368334.jpg,737-700
1611252.jpg,737-700
2038532.jpg,737-700
1054095.jpg,737-700
0067036.jpg,737-700
1503761.jpg,737-700
1315141.jpg,737-700
2071579.jpg,737-700
0288164.jpg,737-700
1774585.jpg,737-700
1143441.jpg,737-700
0067671.jpg,737-700
0957983.jpg,737-700
1358662.jpg,737-700
1244288.jpg,737-700
1846146.jpg,737-700
1763666.jpg,737-700
1691790.jpg,737-700
1950707.jpg,737-700
0209211.jpg,737-700
0984875.jpg,L-1011
1194329.jpg,L-1011
0985788.jpg,L-1011
0901529.jpg,L-1011
0220011.jpg,L-1011
0063277.jpg,L-1011
1042661.jpg,L-1011
0063917.jpg,L-1011
0677585.jpg,L-1011
0907348.jpg,L-1011
0065387.jpg,L-1011
0923717.jpg,L-1011
1200650.jpg,L-1011
0814400.jpg,L-1011
1530572.jpg,L-1011
0174893.jpg,L-1011
0681040.jpg,L-1011
0174920.jpg,L-1011
0907389.jpg,L-1011
0829994.jpg,L-1011
0350210.jpg,L-1011
2084966.jpg,L-1011
1839235.jpg,L-1011
0810604.jpg,L-1011
0127508.jpg,L-1011
0807408.jpg,L-1011
0467404.jpg,L-1011
0901522.jpg,L-1011
0631759.jpg,L-1011
1428219.jpg,L-1011
0923566.jpg,L-1011
1277604.jpg,L-1011
0061401.jpg,L-1011
0907391.jpg,L-1011
0478340.jpg,L-1011
0517837.jpg,L-1011
1099217.jpg,L-1011
0875308.jpg,L-1011
0564173.jpg,L-1011
0677582.jpg,L-1011
1010683.jpg,L-1011
1164431.jpg,L-1011
0482820.jpg,L-1011
0067396.jpg,L-1011
0174059.jpg,L-1011
0689282.jpg,L-1011
0602750.jpg,L-1011
0869717.jpg,L-1011
0074630.jpg,L-1011
1084453.jpg,L-1011
0725715.jpg,Yak-42
1340345.jpg,Yak-42
1320583.jpg,Yak-42
1501838.jpg,Yak-42
0749478.jpg,Yak-42
1298910.jpg,Yak-42
1296580.jpg,Yak-42
0968748.jpg,Yak-42
1544139.jpg,Yak-42
1696014.jpg,Yak-42
1320565.jpg,Yak-42
1027346.jpg,Yak-42
0394095.jpg,Yak-42
1113448.jpg,Yak-42
0944182.jpg,Yak-42
0522968.jpg,Yak-42
0457162.jpg,Yak-42
0512072.jpg,Yak-42
1627581.jpg,Yak-42
0198446.jpg,Yak-42
0197892.jpg,Yak-42
0730106.jpg,Yak-42
1826676.jpg,Yak-42
1801242.jpg,Yak-42
1826635.jpg,Yak-42
0836160.jpg,Yak-42
1227260.jpg,Yak-42
0733079.jpg,Yak-42
1149065.jpg,Yak-42
0967818.jpg,Yak-42
1004799.jpg,Yak-42
0383400.jpg,Yak-42
0746093.jpg,Yak-42
1544138.jpg,Yak-42
1117057.jpg,Yak-42
1000013.jpg,Yak-42
0198448.jpg,Yak-42
0472681.jpg,Yak-42
1594714.jpg,Yak-42
0792373.jpg,Yak-42
0901512.jpg,Yak-42
1203670.jpg,Yak-42
1577680.jpg,Yak-42
1616362.jpg,Yak-42
0523140.jpg,Yak-42
1429966.jpg,Yak-42
0490173.jpg,Yak-42
0784479.jpg,Yak-42
0907402.jpg,Yak-42
0819685.jpg,Yak-42
1920543.jpg,CRJ-900
1719924.jpg,CRJ-900
1204209.jpg,CRJ-900
2204027.jpg,CRJ-900
1647811.jpg,CRJ-900
2167369.jpg,CRJ-900
1255844.jpg,CRJ-900
1058494.jpg,CRJ-900
1552976.jpg,CRJ-900
1464135.jpg,CRJ-900
1956504.jpg,CRJ-900
1869389.jpg,CRJ-900
2200403.jpg,CRJ-900
2194210.jpg,CRJ-900
1325008.jpg,CRJ-900
1558772.jpg,CRJ-900
1053558.jpg,CRJ-900
1723822.jpg,CRJ-900
0890461.jpg,CRJ-900
2101213.jpg,CRJ-900
1077480.jpg,CRJ-900
1113449.jpg,CRJ-900
1810935.jpg,CRJ-900
1623412.jpg,CRJ-900
1379398.jpg,CRJ-900
1806584.jpg,CRJ-900
0356226.jpg,CRJ-900
1903010.jpg,CRJ-900
1906657.jpg,CRJ-900
1364804.jpg,CRJ-900
2221719.jpg,CRJ-900
1358472.jpg,CRJ-900
1879799.jpg,CRJ-900
1762142.jpg,CRJ-900
1184782.jpg,CRJ-900
2154432.jpg,CRJ-900
1260391.jpg,CRJ-900
1567825.jpg,CRJ-900
1975737.jpg,CRJ-900
1958759.jpg,CRJ-900
1834899.jpg,CRJ-900
1475593.jpg,CRJ-900
2117313.jpg,CRJ-900
2193216.jpg,CRJ-900
1569649.jpg,CRJ-900
1852175.jpg,CRJ-900
1535088.jpg,CRJ-900
1465847.jpg,CRJ-900
1124972.jpg,CRJ-900
1393350.jpg,CRJ-900
1930872.jpg,Global Express
2097904.jpg,Global Express
0522910.jpg,Global Express
1426606.jpg,Global Express
1315041.jpg,Global Express
1083206.jpg,Global Express
1877806.jpg,Global Express
0440955.jpg,Global Express
1200888.jpg,Global Express
0457845.jpg,Global Express
1004738.jpg,Global Express
1318843.jpg,Global Express
1895036.jpg,Global Express
1413237.jpg,Global Express
1800217.jpg,Global Express
1542797.jpg,Global Express
0923416.jpg,Global Express
1251242.jpg,Global Express
1182656.jpg,Global Express
2127999.jpg,Global Express
1883938.jpg,Global Express
1409998.jpg,Global Express
2127891.jpg,Global Express
1811490.jpg,Global Express
1663304.jpg,Global Express
0708626.jpg,Global Express
2101652.jpg,Global Express
1812931.jpg,Global Express
1191244.jpg,Global Express
0864334.jpg,Global Express
1332208.jpg,Global Express
2088437.jpg,Global Express
0880314.jpg,Global Express
1430003.jpg,Global Express
1025582.jpg,Global Express
1898513.jpg,Global Express
2238327.jpg,Global Express
2101945.jpg,Global Express
1527708.jpg,Global Express
1950531.jpg,Global Express
1003022.jpg,Global Express
1158131.jpg,Global Express
1218932.jpg,Global Express
1028093.jpg,Global Express
2057960.jpg,Global Express
2140541.jpg,Global Express
2226825.jpg,Global Express
0318594.jpg,Global Express
2094893.jpg,Global Express
1468794.jpg,Global Express
0656580.jpg,An-12
0483241.jpg,An-12
1619921.jpg,An-12
0737370.jpg,An-12
0894379.jpg,An-12
1274803.jpg,An-12
1273373.jpg,An-12
0786221.jpg,An-12
0764133.jpg,An-12
0799596.jpg,An-12
1962770.jpg,An-12
0523148.jpg,An-12
0582365.jpg,An-12
1581712.jpg,An-12
1098896.jpg,An-12
1413805.jpg,An-12
1314034.jpg,An-12
0814904.jpg,An-12
0523179.jpg,An-12
0920951.jpg,An-12
1154492.jpg,An-12
0103329.jpg,An-12
1335478.jpg,An-12
1639638.jpg,An-12
0978815.jpg,An-12
0756079.jpg,An-12
0127649.jpg,An-12
1581651.jpg,An-12
0592094.jpg,An-12
1332980.jpg,An-12
0811680.jpg,An-12
1291069.jpg,An-12
1525661.jpg,An-12
1291973.jpg,An-12
0727974.jpg,An-12
0522933.jpg,An-12
0490170.jpg,An-12
0988940.jpg,An-12
0572863.jpg,An-12
0852361.jpg,An-12
1146225.jpg,An-12
0901375.jpg,An-12
1327556.jpg,An-12
1035114.jpg,An-12
0852135.jpg,An-12
0920421.jpg,An-12
1124054.jpg,An-12
1099167.jpg,An-12
0767799.jpg,An-12
2259875.jpg,An-12
0064005.jpg,727-200
0356165.jpg,727-200
0056337.jpg,727-200
0730793.jpg,727-200
1192237.jpg,727-200
0713927.jpg,727-200
0740881.jpg,727-200
0901504.jpg,727-200
2208641.jpg,727-200
1188390.jpg,727-200
1215395.jpg,727-200
0923507.jpg,727-200
0147047.jpg,727-200
1036881.jpg,727-200
0116175.jpg,727-200
1713236.jpg,727-200
0538261.jpg,727-200
0920409.jpg,727-200
1169900.jpg,727-200
1459191.jpg,727-200
0694478.jpg,727-200
0193983.jpg,727-200
1337431.jpg,727-200
0321755.jpg,727-200
1197395.jpg,727-200
0632010.jpg,727-200
0314131.jpg,727-200
0732456.jpg,727-200
0256039.jpg,727-200
0275719.jpg,727-200
0875317.jpg,727-200
1833887.jpg,727-200
0061581.jpg,727-200
1327285.jpg,727-200
0907370.jpg,727-200
1338360.jpg,727-200
0907384.jpg,727-200
1691787.jpg,727-200
0109655.jpg,727-200
0345994.jpg,727-200
0879892.jpg,727-200
0048341.jpg,727-200
0582367.jpg,727-200
0482763.jpg,727-200
0063052.jpg,727-200
0983618.jpg,727-200
1059846.jpg,727-200
0994960.jpg,727-200
0907405.jpg,727-200
0771164.jpg,727-200
0830001.jpg,737-300
2067870.jpg,737-300
0706281.jpg,737-300
1251289.jpg,737-300
0061307.jpg,737-300
0066279.jpg,737-300
0178292.jpg,737-300
0517631.jpg,737-300
1363673.jpg,737-300
0545210.jpg,737-300
0335667.jpg,737-300
2115318.jpg,737-300
0460770.jpg,737-300
0395652.jpg,737-300
1852170.jpg,737-300
0944166.jpg,737-300
0248336.jpg,737-300
0547087.jpg,737-300
1118224.jpg,737-300
1560581.jpg,737-300
1446516.jpg,737-300
0681541.jpg,737-300
0062667.jpg,737-300
1100234.jpg,737-300
0069776.jpg,737-300
0986161.jpg,737-300
1538841.jpg,737-300
0074247.jpg,737-300
1146236.jpg,737-300
1115297.jpg,737-300
0569402.jpg,737-300
2080684.jpg,737-300
0748299.jpg,737-300
0728390.jpg,737-300
1227019.jpg,737-300
2046004.jpg,737-300
1730435.jpg,737-300
2031394.jpg,737-300
2126017.jpg,737-300
1352205.jpg,737-300
0965611.jpg,737-300
2221342.jpg,737-300
0097935.jpg,737-300
0097577.jpg,737-300
0383456.jpg,737-300
1018935.jpg,737-300
1955376.jpg,737-300
0448049.jpg,737-300
0278443.jpg,737-300
1539459.jpg,737-300
1506812.jpg,767-400
1182360.jpg,767-400
2209439.jpg,767-400
0768173.jpg,767-400
1658595.jpg,767-400
1993167.jpg,767-400
2000146.jpg,767-400
1363578.jpg,767-400
1798066.jpg,767-400
1294490.jpg,767-400
0097107.jpg,767-400
2171175.jpg,767-400
0222901.jpg,767-400
1539768.jpg,767-400
0552041.jpg,767-400
2083668.jpg,767-400
1613179.jpg,767-400
1103084.jpg,767-400
0176131.jpg,767-400
0931734.jpg,767-400
1271552.jpg,767-400
0867007.jpg,767-400
2220738.jpg,767-400
2243382.jpg,767-400
0904858.jpg,767-400
1006793.jpg,767-400
2054456.jpg,767-400
1127995.jpg,767-400
0467448.jpg,767-400
0498976.jpg,767-400
1861593.jpg,767-400
1906071.jpg,767-400
0870232.jpg,767-400
1345042.jpg,767-400
1027002.jpg,767-400
0985290.jpg,767-400
1810723.jpg,767-400
0905077.jpg,767-400
1336856.jpg,767-400
0835837.jpg,767-400
2213427.jpg,767-400
1740623.jpg,767-400
0837880.jpg,767-400
2024757.jpg,767-400
1138890.jpg,767-400
2205728.jpg,767-400
2039060.jpg,767-400
1769024.jpg,767-400
1607459.jpg,767-400
2263428.jpg,767-400
1447126.jpg,Tu-154
0582362.jpg,Tu-154
1418807.jpg,Tu-154
1177961.jpg,Tu-154
0467386.jpg,Tu-154
0384438.jpg,Tu-154
0632992.jpg,Tu-154
1097303.jpg,Tu-154
0062771.jpg,Tu-154
1302750.jpg,Tu-154
1577705.jpg,Tu-154
0094111.jpg,Tu-154
0487397.jpg,Tu-154
1544222.jpg,Tu-154
0983420.jpg,Tu-154
0198445.jpg,Tu-154
0822344.jpg,Tu-154
0064200.jpg,Tu-154
0808929.jpg,Tu-154
0094395.jpg,Tu-154
0273050.jpg,Tu-154
1597762.jpg,Tu-154
0907404.jpg,Tu-154
1164220.jpg,Tu-154
1585744.jpg,Tu-154
0522861.jpg,Tu-154
1691609.jpg,Tu-154
0984879.jpg,Tu-154
1218560.jpg,Tu-154
0241464.jpg,Tu-154
1088786.jpg,Tu-154
0894311.jpg,Tu-154
0062675.jpg,Tu-154
1298145.jpg,Tu-154
0836159.jpg,Tu-154
0062680.jpg,Tu-154
1113089.jpg,Tu-154
0077514.jpg,Tu-154
1412918.jpg,Tu-154
1388984.jpg,Tu-154
0237108.jpg,Tu-154
0391828.jpg,Tu-154
0490172.jpg,Tu-154
1633282.jpg,Tu-154
0939483.jpg,Tu-154
1244289.jpg,Tu-154
0944240.jpg,Tu-154
0066406.jpg,Tu-154
1137003.jpg,Tu-154
1415738.jpg,Tu-154
1387816.jpg,E-170
0996668.jpg,E-170
2233055.jpg,E-170
1145151.jpg,E-170
1132242.jpg,E-170
0962643.jpg,E-170
0832778.jpg,E-170
1889561.jpg,E-170
2107061.jpg,E-170
1296201.jpg,E-170
2123971.jpg,E-170
2152351.jpg,E-170
0779704.jpg,E-170
0869979.jpg,E-170
1260282.jpg,E-170
2123937.jpg,E-170
1052982.jpg,E-170
1227101.jpg,E-170
0713593.jpg,E-170
0927430.jpg,E-170
1591312.jpg,E-170
1795569.jpg,E-170
1286492.jpg,E-170
1412890.jpg,E-170
1169979.jpg,E-170
1277631.jpg,E-170
0907298.jpg,E-170
0664002.jpg,E-170
0661734.jpg,E-170
1003826.jpg,E-170
1643027.jpg,E-170
1953630.jpg,E-170
1471554.jpg,E-170
1181138.jpg,E-170
1312536.jpg,E-170
0972415.jpg,E-170
1809959.jpg,E-170
2206141.jpg,E-170
2117298.jpg,E-170
1579853.jpg,E-170
1714236.jpg,E-170
2239296.jpg,E-170
1231108.jpg,E-170
1027524.jpg,E-170
2201797.jpg,E-170
1548402.jpg,E-170
2063913.jpg,E-170
1634373.jpg,E-170
0944994.jpg,E-170
2213677.jpg,E-170
2212521.jpg,A340-600
0799583.jpg,A340-600
1420117.jpg,A340-600
1661601.jpg,A340-600
1263090.jpg,A340-600
1525660.jpg,A340-600
1426948.jpg,A340-600
1587527.jpg,A340-600
0466768.jpg,A340-600
2137098.jpg,A340-600
0639717.jpg,A340-600
1425737.jpg,A340-600
0464756.jpg,A340-600
1573406.jpg,A340-600
1823702.jpg,A340-600
0566293.jpg,A340-600
1624887.jpg,A340-600
0770351.jpg,A340-600
1009039.jpg,A340-600
1486859.jpg,A340-600
1231196.jpg,A340-600
1484701.jpg,A340-600
0469779.jpg,A340-600
2063809.jpg,A340-600
1790504.jpg,A340-600
1691545.jpg,A340-600
2130085.jpg,A340-600
0821375.jpg,A340-600
0418967.jpg,A340-600
0681545.jpg,A340-600
0230833.jpg,A340-600
1772221.jpg,A340-600
1847505.jpg,A340-600
2211281.jpg,A340-600
1053984.jpg,A340-600
1842173.jpg,A340-600
0571183.jpg,A340-600
1820323.jpg,A340-600
2239292.jpg,A340-600
2040834.jpg,A340-600
1139754.jpg,A340-600
1787740.jpg,A340-600
0710665.jpg,A340-600
1000036.jpg,A340-600
1555715.jpg,A340-600
1122579.jpg,A340-600
2264249.jpg,A340-600
1055150.jpg,A340-600
1233628.jpg,A340-600
1699455.jpg,A340-600
0573369.jpg,C-47
1343399.jpg,C-47
0683550.jpg,C-47
0952726.jpg,C-47
0458675.jpg,C-47
0548477.jpg,C-47
1502176.jpg,C-47
1044764.jpg,C-47
1102454.jpg,C-47
1535841.jpg,C-47
2169306.jpg,C-47
1785637.jpg,C-47
0458771.jpg,C-47
1147907.jpg,C-47
1345223.jpg,C-47
1404441.jpg,C-47
0448053.jpg,C-47
1119448.jpg,C-47
0457908.jpg,C-47
0870655.jpg,C-47
0735009.jpg,C-47
1115302.jpg,C-47
1036801.jpg,C-47
0975825.jpg,C-47
0551411.jpg,C-47
1619369.jpg,C-47
0068811.jpg,C-47
1010452.jpg,C-47
0704272.jpg,C-47
2021848.jpg,C-47
1443452.jpg,C-47
1941127.jpg,C-47
1649746.jpg,C-47
0704551.jpg,C-47
0423362.jpg,C-47
0618973.jpg,C-47
0792422.jpg,C-47
0422859.jpg,C-47
1002385.jpg,C-47
1383371.jpg,C-47
0944161.jpg,C-47
0602228.jpg,C-47
1649868.jpg,C-47
1336323.jpg,C-47
1100236.jpg,C-47
0174884.jpg,C-47
0704643.jpg,C-47
1255008.jpg,C-47
0726925.jpg,C-47
1341845.jpg,C-47
1251237.jpg,MD-80
1636453.jpg,MD-80
1197194.jpg,MD-80
1467698.jpg,MD-80
1095671.jpg,MD-80
1386647.jpg,MD-80
1763810.jpg,MD-80
1095342.jpg,MD-80
0923503.jpg,MD-80
0439775.jpg,MD-80
1421262.jpg,MD-80
1193890.jpg,MD-80
0950436.jpg,MD-80
2111015.jpg,MD-80
0171387.jpg,MD-80
1258526.jpg,MD-80
0821363.jpg,MD-80
1338725.jpg,MD-80
1111461.jpg,MD-80
0447810.jpg,MD-80
0521359.jpg,MD-80
1398764.jpg,MD-80
0167802.jpg,MD-80
0288121.jpg,MD-80
1208470.jpg,MD-80
0127050.jpg,MD-80
1036880.jpg,MD-80
0523250.jpg,MD-80
0923715.jpg,MD-80
0926108.jpg,MD-80
0556341.jpg,MD-80
0843963.jpg,MD-80
0921024.jpg,MD-80
1605065.jpg,MD-80
1373071.jpg,MD-80
1113446.jpg,MD-80
1469839.jpg,MD-80
1996875.jpg,MD-80
1288666.jpg,MD-80
1857209.jpg,MD-80
0132979.jpg,MD-80
2116518.jpg,MD-80
0091323.jpg,MD-80
0950428.jpg,MD-80
1705400.jpg,MD-80
0130600.jpg,MD-80
1377031.jpg,MD-80
0851298.jpg,MD-80
1291370.jpg,MD-80
1149056.jpg,MD-80
0923884.jpg,707-320
0687610.jpg,707-320
1082409.jpg,707-320
1025794.jpg,707-320
1514484.jpg,707-320
0577855.jpg,707-320
1707891.jpg,707-320
0869692.jpg,707-320
0113201.jpg,707-320
1318819.jpg,707-320
1453508.jpg,707-320
0789828.jpg,707-320
0631897.jpg,707-320
0950991.jpg,707-320
1008575.jpg,707-320
0939480.jpg,707-320
1187784.jpg,707-320
0602227.jpg,707-320
0056978.jpg,707-320
0698580.jpg,707-320
0731614.jpg,707-320
1346004.jpg,707-320
0062781.jpg,707-320
0450014.jpg,707-320
0548719.jpg,707-320
0894381.jpg,707-320
0610657.jpg,707-320
0658110.jpg,707-320
0951982.jpg,707-320
1193587.jpg,707-320
1345732.jpg,707-320
0536511.jpg,707-320
0760910.jpg,707-320
2127935.jpg,707-320
0895165.jpg,707-320
0725155.jpg,707-320
0582372.jpg,707-320
0869739.jpg,707-320
1152266.jpg,707-320
1427680.jpg,707-320
0987261.jpg,707-320
0716386.jpg,707-320
0979377.jpg,707-320
1423583.jpg,707-320
0624128.jpg,707-320
1514522.jpg,707-320
1009831.jpg,707-320
0869722.jpg,707-320
0691159.jpg,707-320
1042824.jpg,707-320
0977350.jpg,737-800
1403158.jpg,737-800
1806234.jpg,737-800
0443893.jpg,737-800
1338983.jpg,737-800
0781150.jpg,737-800
1337849.jpg,737-800
1190718.jpg,737-800
0325574.jpg,737-800
1573352.jpg,737-800
1320110.jpg,737-800
0706175.jpg,737-800
0395615.jpg,737-800
1603035.jpg,737-800
2207626.jpg,737-800
1913792.jpg,737-800
2021834.jpg,737-800
0274621.jpg,737-800
0988468.jpg,737-800
0710454.jpg,737-800
1459210.jpg,737-800
1252037.jpg,737-800
0081597.jpg,737-800
1470793.jpg,737-800
1712591.jpg,737-800
1375368.jpg,737-800
0900469.jpg,737-800
2002333.jpg,737-800
0391437.jpg,737-800
2099419.jpg,737-800
0257552.jpg,737-800
0457841.jpg,737-800
1935750.jpg,737-800
1899099.jpg,737-800
1561334.jpg,737-800
1244287.jpg,737-800
1663377.jpg,737-800
1545691.jpg,737-800
0302036.jpg,737-800
2124349.jpg,737-800
2239287.jpg,737-800
0257025.jpg,737-800
1398924.jpg,737-800
0188557.jpg,737-800
0097108.jpg,737-800
1067929.jpg,737-800
0788947.jpg,737-800
1355815.jpg,737-800
2229397.jpg,737-800
0740885.jpg,737-800
1451909.jpg,DH-82
1195235.jpg,DH-82
1635084.jpg,DH-82
2132956.jpg,DH-82
0985372.jpg,DH-82
1696301.jpg,DH-82
1578204.jpg,DH-82
0984284.jpg,DH-82
0911710.jpg,DH-82
2093456.jpg,DH-82
1499332.jpg,DH-82
1849520.jpg,DH-82
1161492.jpg,DH-82
0735046.jpg,DH-82
1695437.jpg,DH-82
1041757.jpg,DH-82
1193564.jpg,DH-82
1914385.jpg,DH-82
0788163.jpg,DH-82
1340437.jpg,DH-82
0730318.jpg,DH-82
1673535.jpg,DH-82
0730326.jpg,DH-82
1058713.jpg,DH-82
2215054.jpg,DH-82
1472410.jpg,DH-82
1980186.jpg,DH-82
1979290.jpg,DH-82
1934561.jpg,DH-82
1974802.jpg,DH-82
1388149.jpg,DH-82
0820512.jpg,DH-82
0877674.jpg,DH-82
1980686.jpg,DH-82
1700012.jpg,DH-82
0743290.jpg,DH-82
0763917.jpg,DH-82
0908594.jpg,DH-82
1425500.jpg,DH-82
1647139.jpg,DH-82
0820619.jpg,DH-82
1773158.jpg,DH-82
1979306.jpg,DH-82
1019430.jpg,DH-82
1928845.jpg,DH-82
1529298.jpg,DH-82
2106391.jpg,DH-82
2179486.jpg,DH-82
1855552.jpg,DH-82
1222820.jpg,DH-82
1330443.jpg,Falcon 2000
0154349.jpg,Falcon 2000
2266334.jpg,Falcon 2000
1906084.jpg,Falcon 2000
1382002.jpg,Falcon 2000
1973254.jpg,Falcon 2000
1158249.jpg,Falcon 2000
1320915.jpg,Falcon 2000
0841849.jpg,Falcon 2000
1725769.jpg,Falcon 2000
1013061.jpg,Falcon 2000
1864276.jpg,Falcon 2000
1355813.jpg,Falcon 2000
1311585.jpg,Falcon 2000
1743336.jpg,Falcon 2000
2127863.jpg,Falcon 2000
0945365.jpg,Falcon 2000
1943159.jpg,Falcon 2000
2127942.jpg,Falcon 2000
1993814.jpg,Falcon 2000
1283645.jpg,Falcon 2000
1194597.jpg,Falcon 2000
1046908.jpg,Falcon 2000
0948003.jpg,Falcon 2000
1412287.jpg,Falcon 2000
2178627.jpg,Falcon 2000
0973382.jpg,Falcon 2000
1154703.jpg,Falcon 2000
1931136.jpg,Falcon 2000
1521239.jpg,Falcon 2000
0781154.jpg,Falcon 2000
1686427.jpg,Falcon 2000
1753611.jpg,Falcon 2000
1479680.jpg,Falcon 2000
1846142.jpg,Falcon 2000
2057965.jpg,Falcon 2000
0081864.jpg,Falcon 2000
2137097.jpg,Falcon 2000
1889569.jpg,Falcon 2000
1795562.jpg,Falcon 2000
0757651.jpg,Falcon 2000
1778960.jpg,Falcon 2000
2097519.jpg,Falcon 2000
2090707.jpg,Falcon 2000
2223316.jpg,Falcon 2000
1451428.jpg,Falcon 2000
1201875.jpg,Falcon 2000
1355436.jpg,Falcon 2000
1228462.jpg,Falcon 2000
1095664.jpg,Falcon 2000
0517625.jpg,Dornier 328
1092265.jpg,Dornier 328
2101942.jpg,Dornier 328
0943962.jpg,Dornier 328
0690637.jpg,Dornier 328
1950704.jpg,Dornier 328
0628815.jpg,Dornier 328
2166855.jpg,Dornier 328
1404396.jpg,Dornier 328
1060652.jpg,Dornier 328
2048576.jpg,Dornier 328
0908591.jpg,Dornier 328
1122575.jpg,Dornier 328
1202541.jpg,Dornier 328
1092039.jpg,Dornier 328
1394172.jpg,Dornier 328
1270714.jpg,Dornier 328
0796384.jpg,Dornier 328
1810960.jpg,Dornier 328
0574360.jpg,Dornier 328
1152778.jpg,Dornier 328
0357874.jpg,Dornier 328
0964904.jpg,Dornier 328
0925499.jpg,Dornier 328
0917793.jpg,Dornier 328
0923562.jpg,Dornier 328
1426175.jpg,Dornier 328
1693645.jpg,Dornier 328
0443972.jpg,Dornier 328
1261329.jpg,Dornier 328
0749201.jpg,Dornier 328
1413143.jpg,Dornier 328
0517628.jpg,Dornier 328
1068481.jpg,Dornier 328
2101956.jpg,Dornier 328
0576233.jpg,Dornier 328
0959054.jpg,Dornier 328
0167091.jpg,Dornier 328
2169272.jpg,Dornier 328
0838486.jpg,Dornier 328
2164961.jpg,Dornier 328
1674738.jpg,Dornier 328
2236758.jpg,Dornier 328
0155602.jpg,Dornier 328
0063918.jpg,Dornier 328
1943354.jpg,Dornier 328
0454765.jpg,Dornier 328
2069688.jpg,Dornier 328
1326646.jpg,Dornier 328
0278439.jpg,Dornier 328
1818866.jpg,DC-8
0993951.jpg,DC-8
0921023.jpg,DC-8
0062662.jpg,DC-8
1201877.jpg,DC-8
0195744.jpg,DC-8
0956798.jpg,DC-8
0177063.jpg,DC-8
1317750.jpg,DC-8
0901474.jpg,DC-8
0620000.jpg,DC-8
0593168.jpg,DC-8
0547507.jpg,DC-8
0593173.jpg,DC-8
0109630.jpg,DC-8
0065405.jpg,DC-8
0901457.jpg,DC-8
0192204.jpg,DC-8
0147042.jpg,DC-8
0989090.jpg,DC-8
1426920.jpg,DC-8
1349066.jpg,DC-8
0987741.jpg,DC-8
0536312.jpg,DC-8
0551250.jpg,DC-8
1879795.jpg,DC-8
1343589.jpg,DC-8
1008901.jpg,DC-8
0723126.jpg,DC-8
0735040.jpg,DC-8
0091331.jpg,DC-8
0548494.jpg,DC-8
1000048.jpg,DC-8
0738206.jpg,DC-8
1316038.jpg,DC-8
0353524.jpg,DC-8
0901456.jpg,DC-8
1338156.jpg,DC-8
0640660.jpg,DC-8
0721412.jpg,DC-8
0718917.jpg,DC-8
0564160.jpg,DC-8
0116710.jpg,DC-8
0062653.jpg,DC-8
0034309.jpg,DC-8
0880592.jpg,DC-8
0395643.jpg,DC-8
1654823.jpg,DC-8
1927216.jpg,DC-8
0782914.jpg,DC-8
0959267.jpg,MD-11
1289638.jpg,MD-11
1647701.jpg,MD-11
1898447.jpg,MD-11
0193982.jpg,MD-11
1610616.jpg,MD-11
1895800.jpg,MD-11
0449729.jpg,MD-11
2217846.jpg,MD-11
0813852.jpg,MD-11
0894211.jpg,MD-11
1666443.jpg,MD-11
1123299.jpg,MD-11
0944945.jpg,MD-11
0647986.jpg,MD-11
1526201.jpg,MD-11
0395606.jpg,MD-11
0812098.jpg,MD-11
1554795.jpg,MD-11
2249122.jpg,MD-11
1048572.jpg,MD-11
1335199.jpg,MD-11
0276024.jpg,MD-11
0894384.jpg,MD-11
1636315.jpg,MD-11
0174853.jpg,MD-11
0773076.jpg,MD-11
0467409.jpg,MD-11
0871198.jpg,MD-11
1973423.jpg,MD-11
0169997.jpg,MD-11
2107060.jpg,MD-11
0901378.jpg,MD-11
0996676.jpg,MD-11
0728940.jpg,MD-11
1997993.jpg,MD-11
0038598.jpg,MD-11
0880598.jpg,MD-11
1429708.jpg,MD-11
1302871.jpg,MD-11
0694490.jpg,MD-11
1762107.jpg,MD-11
0338536.jpg,MD-11
1523794.jpg,MD-11
2211315.jpg,MD-11
0458647.jpg,MD-11
1603429.jpg,MD-11
0894169.jpg,MD-11
0063288.jpg,MD-11
0353525.jpg,MD-11
1188038.jpg,BAE 146-300
0523168.jpg,BAE 146-300
1104208.jpg,BAE 146-300
0691667.jpg,BAE 146-300
0397442.jpg,BAE 146-300
0062260.jpg,BAE 146-300
0890939.jpg,BAE 146-300
0065577.jpg,BAE 146-300
1255434.jpg,BAE 146-300
0324852.jpg,BAE 146-300
1541390.jpg,BAE 146-300
1103334.jpg,BAE 146-300
1313666.jpg,BAE 146-300
1549188.jpg,BAE 146-300
1637445.jpg,BAE 146-300
2161023.jpg,BAE 146-300
0570801.jpg,BAE 146-300
1223418.jpg,BAE 146-300
1008176.jpg,BAE 146-300
1950528.jpg,BAE 146-300
1414866.jpg,BAE 146-300
0936618.jpg,BAE 146-300
1386630.jpg,BAE 146-300
0586973.jpg,BAE 146-300
1152152.jpg,BAE 146-300
0134592.jpg,BAE 146-300
0517105.jpg,BAE 146-300
0647819.jpg,BAE 146-300
1758701.jpg,BAE 146-300
2009852.jpg,BAE 146-300
0942162.jpg,BAE 146-300
0350203.jpg,BAE 146-300
0923572.jpg,BAE 146-300
0758359.jpg,BAE 146-300
1310734.jpg,BAE 146-300
0447746.jpg,BAE 146-300
1407350.jpg,BAE 146-300
0420194.jpg,BAE 146-300
0136185.jpg,BAE 146-300
0711013.jpg,BAE 146-300
1296822.jpg,BAE 146-300
0136162.jpg,BAE 146-300
0447928.jpg,BAE 146-300
2107214.jpg,BAE 146-300
0808883.jpg,BAE 146-300
0134597.jpg,BAE 146-300
1169470.jpg,BAE 146-300
1966243.jpg,BAE 146-300
0272510.jpg,BAE 146-300
0076782.jpg,BAE 146-300
0399871.jpg,Fokker 100
0487329.jpg,Fokker 100
1288743.jpg,Fokker 100
1220713.jpg,Fokker 100
0143377.jpg,Fokker 100
1351480.jpg,Fokker 100
1294505.jpg,Fokker 100
1133688.jpg,Fokker 100
0912143.jpg,Fokker 100
0074517.jpg,Fokker 100
2031390.jpg,Fokker 100
0977335.jpg,Fokker 100
0573392.jpg,Fokker 100
1281857.jpg,Fokker 100
1779674.jpg,Fokker 100
0065294.jpg,Fokker 100
0907347.jpg,Fokker 100
0136160.jpg,Fokker 100
1253247.jpg,Fokker 100
1611222.jpg,Fokker 100
0134602.jpg,Fokker 100
0167074.jpg,Fokker 100
2047534.jpg,Fokker 100
1564786.jpg,Fokker 100
1934728.jpg,Fokker 100
1146230.jpg,Fokker 100
0485243.jpg,Fokker 100
0136483.jpg,Fokker 100
0690072.jpg,Fokker 100
1772714.jpg,Fokker 100
0065774.jpg,Fokker 100
1979428.jpg,Fokker 100
1674736.jpg,Fokker 100
2213538.jpg,Fokker 100
1745719.jpg,Fokker 100
0063925.jpg,Fokker 100
1696063.jpg,Fokker 100
1538518.jpg,Fokker 100
1840427.jpg,Fokker 100
1115393.jpg,Fokker 100
1358045.jpg,Fokker 100
1012153.jpg,Fokker 100
1355825.jpg,Fokker 100
0174903.jpg,Fokker 100
0706174.jpg,Fokker 100
0900486.jpg,Fokker 100
0980397.jpg,Fokker 100
0716337.jpg,Fokker 100
0950402.jpg,Fokker 100
0995426.jpg,Fokker 100
1482541.jpg,SR-20
1234236.jpg,SR-20
2071199.jpg,SR-20
1328048.jpg,SR-20
1713365.jpg,SR-20
1589831.jpg,SR-20
1935836.jpg,SR-20
1329261.jpg,SR-20
2200978.jpg,SR-20
1476645.jpg,SR-20
1377516.jpg,SR-20
1804775.jpg,SR-20
2136870.jpg,SR-20
1646015.jpg,SR-20
1623436.jpg,SR-20
2233941.jpg,SR-20
2065042.jpg,SR-20
1853950.jpg,SR-20
2148310.jpg,SR-20
1663727.jpg,SR-20
2061717.jpg,SR-20
1711191.jpg,SR-20
1281757.jpg,SR-20
1795992.jpg,SR-20
1658297.jpg,SR-20
1305696.jpg,SR-20
0966761.jpg,SR-20
2081787.jpg,SR-20
2177217.jpg,SR-20
1658839.jpg,SR-20
2266584.jpg,SR-20
1261973.jpg,SR-20
1927265.jpg,SR-20
2018707.jpg,SR-20
1605922.jpg,SR-20
1598048.jpg,SR-20
2160776.jpg,SR-20
1605921.jpg,SR-20
2072464.jpg,SR-20
1650403.jpg,SR-20
2006049.jpg,SR-20
1306689.jpg,SR-20
1979665.jpg,SR-20
2203115.jpg,SR-20
1465151.jpg,SR-20
1468767.jpg,SR-20
2117401.jpg,SR-20
2114202.jpg,SR-20
2037389.jpg,SR-20
1291917.jpg,SR-20
1941697.jpg,A380
1932603.jpg,A380
1758486.jpg,A380
1979055.jpg,A380
1718618.jpg,A380
2247793.jpg,A380
2215392.jpg,A380
1891966.jpg,A380
1368055.jpg,A380
1664644.jpg,A380
1788036.jpg,A380
1855337.jpg,A380
1979061.jpg,A380
1990751.jpg,A380
2087371.jpg,A380
0962110.jpg,A380
2127996.jpg,A380
1840423.jpg,A380
2257341.jpg,A380
2038530.jpg,A380
2169490.jpg,A380
1790439.jpg,A380
2233490.jpg,A380
1417441.jpg,A380
1567291.jpg,A380
0977324.jpg,A380
2251118.jpg,A380
2218512.jpg,A380
2158999.jpg,A380
2084810.jpg,A380
1584021.jpg,A380
1948194.jpg,A380
2231825.jpg,A380
1836183.jpg,A380
1195232.jpg,A380
1280503.jpg,A380
1379570.jpg,A380
2193606.jpg,A380
2235142.jpg,A380
2239815.jpg,A380
2194956.jpg,A380
1951063.jpg,A380
2239301.jpg,A380
1811111.jpg,A380
1617066.jpg,A380
2045349.jpg,A380
1701058.jpg,A380
2218523.jpg,A380
1055151.jpg,A380
2013985.jpg,A380
1677053.jpg,Hawk T1
1859253.jpg,Hawk T1
1560108.jpg,Hawk T1
1567592.jpg,Hawk T1
1244766.jpg,Hawk T1
1244757.jpg,Hawk T1
1976055.jpg,Hawk T1
1244760.jpg,Hawk T1
1736173.jpg,Hawk T1
0554994.jpg,Hawk T1
1302926.jpg,Hawk T1
1759330.jpg,Hawk T1
2160566.jpg,Hawk T1
1376413.jpg,Hawk T1
0877683.jpg,Hawk T1
1577806.jpg,Hawk T1
1574582.jpg,Hawk T1
0934118.jpg,Hawk T1
1258663.jpg,Hawk T1
0934119.jpg,Hawk T1
1203397.jpg,Hawk T1
1591237.jpg,Hawk T1
1242242.jpg,Hawk T1
2073908.jpg,Hawk T1
0903057.jpg,Hawk T1
1678522.jpg,Hawk T1
0934120.jpg,Hawk T1
1912356.jpg,Hawk T1
0935015.jpg,Hawk T1
2181542.jpg,Hawk T1
1088411.jpg,Hawk T1
1476339.jpg,Hawk T1
1683147.jpg,Hawk T1
0880533.jpg,Hawk T1
1574584.jpg,Hawk T1
1070876.jpg,Hawk T1
2176625.jpg,Hawk T1
1161742.jpg,Hawk T1
1822339.jpg,Hawk T1
1570911.jpg,Hawk T1
1506678.jpg,Hawk T1
1745999.jpg,Hawk T1
1258557.jpg,Hawk T1
1554878.jpg,Hawk T1
1277137.jpg,Hawk T1
0685277.jpg,Hawk T1
2065885.jpg,Hawk T1
1969071.jpg,Hawk T1
1911427.jpg,Hawk T1
2223255.jpg,Hawk T1
0562555.jpg,Saab 340
0174870.jpg,Saab 340
2119896.jpg,Saab 340
1895028.jpg,Saab 340
0488490.jpg,Saab 340
1163473.jpg,Saab 340
1303943.jpg,Saab 340
0517786.jpg,Saab 340
1444742.jpg,Saab 340
0095325.jpg,Saab 340
0129325.jpg,Saab 340
1861474.jpg,Saab 340
0145542.jpg,Saab 340
0097765.jpg,Saab 340
0454760.jpg,Saab 340
0469667.jpg,Saab 340
1989990.jpg,Saab 340
0924085.jpg,Saab 340
0979658.jpg,Saab 340
1149058.jpg,Saab 340
0219261.jpg,Saab 340
1525894.jpg,Saab 340
1762143.jpg,Saab 340
1827565.jpg,Saab 340
0345877.jpg,Saab 340
0347754.jpg,Saab 340
1142348.jpg,Saab 340
0447764.jpg,Saab 340
1668966.jpg,Saab 340
1136122.jpg,Saab 340
0065431.jpg,Saab 340
1092038.jpg,Saab 340
0680474.jpg,Saab 340
1895223.jpg,Saab 340
0740887.jpg,Saab 340
0642069.jpg,Saab 340
0174021.jpg,Saab 340
0960098.jpg,Saab 340
1767275.jpg,Saab 340
0339425.jpg,Saab 340
0977245.jpg,Saab 340
1977817.jpg,Saab 340
1620908.jpg,Saab 340
1850446.jpg,Saab 340
0098085.jpg,Saab 340
0977012.jpg,Saab 340
1939689.jpg,Saab 340
1543285.jpg,Saab 340
0437932.jpg,Saab 340
0936156.jpg,Saab 340
0708641.jpg,757-200
0740882.jpg,757-200
1815692.jpg,757-200
1258561.jpg,757-200
1173016.jpg,757-200
0788951.jpg,757-200
1238215.jpg,757-200
0990829.jpg,757-200
0275117.jpg,757-200
0184351.jpg,757-200
0218812.jpg,757-200
2188165.jpg,757-200
1493118.jpg,757-200
1017810.jpg,757-200
1237861.jpg,757-200
0166974.jpg,757-200
1415495.jpg,757-200
1031497.jpg,757-200
1253857.jpg,757-200
0802262.jpg,757-200
1424924.jpg,757-200
1713246.jpg,757-200
1366112.jpg,757-200
1200651.jpg,757-200
1471691.jpg,757-200
1560579.jpg,757-200
1365500.jpg,757-200
0749479.jpg,757-200
0056323.jpg,757-200
0056297.jpg,757-200
0685368.jpg,757-200
1547881.jpg,757-200
0174942.jpg,757-200
1298901.jpg,757-200
1527502.jpg,757-200
1568885.jpg,757-200
1107747.jpg,757-200
1175264.jpg,757-200
2263603.jpg,757-200
1207125.jpg,757-200
0376937.jpg,757-200
1917720.jpg,757-200
0678976.jpg,757-200
1123364.jpg,757-200
0288188.jpg,757-200
1945514.jpg,757-200
0523013.jpg,757-200
1623903.jpg,757-200
2067977.jpg,757-200
1124487.jpg,757-200
0995399.jpg,Cessna 208
2151013.jpg,Cessna 208
0323097.jpg,Cessna 208
1344064.jpg,Cessna 208
2139351.jpg,Cessna 208
1349926.jpg,Cessna 208
1564950.jpg,Cessna 208
0155816.jpg,Cessna 208
0979649.jpg,Cessna 208
1036820.jpg,Cessna 208
0337957.jpg,Cessna 208
0279893.jpg,Cessna 208
0851157.jpg,Cessna 208
2100018.jpg,Cessna 208
1911423.jpg,Cessna 208
1606037.jpg,Cessna 208
1347237.jpg,Cessna 208
1146070.jpg,Cessna 208
0078400.jpg,Cessna 208
0816285.jpg,Cessna 208
1785533.jpg,Cessna 208
1338354.jpg,Cessna 208
1337501.jpg,Cessna 208
1526601.jpg,Cessna 208
1525673.jpg,Cessna 208
0301977.jpg,Cessna 208
0523033.jpg,Cessna 208
1156006.jpg,Cessna 208
0082499.jpg,Cessna 208
0963959.jpg,Cessna 208
0175724.jpg,Cessna 208
1968337.jpg,Cessna 208
0659387.jpg,Cessna 208
1345203.jpg,Cessna 208
0304640.jpg,Cessna 208
1340613.jpg,Cessna 208
1382000.jpg,Cessna 208
1031457.jpg,Cessna 208
1217071.jpg,Cessna 208
0306456.jpg,Cessna 208
0184369.jpg,Cessna 208
0080532.jpg,Cessna 208
1043786.jpg,Cessna 208
1169300.jpg,Cessna 208
0302204.jpg,Cessna 208
0789704.jpg,Cessna 208
1043800.jpg,Cessna 208
1017972.jpg,Cessna 208
1050592.jpg,Cessna 208
1356129.jpg,Cessna 208
0070035.jpg,Fokker 70
0872422.jpg,Fokker 70
1163454.jpg,Fokker 70
0062651.jpg,Fokker 70
1152126.jpg,Fokker 70
0507656.jpg,Fokker 70
1099308.jpg,Fokker 70
0955770.jpg,Fokker 70
1296002.jpg,Fokker 70
1240934.jpg,Fokker 70
2028343.jpg,Fokker 70
0143363.jpg,Fokker 70
1329309.jpg,Fokker 70
1789443.jpg,Fokker 70
1503577.jpg,Fokker 70
1053710.jpg,Fokker 70
0517893.jpg,Fokker 70
1248148.jpg,Fokker 70
2078845.jpg,Fokker 70
0973158.jpg,Fokker 70
1103350.jpg,Fokker 70
1540816.jpg,Fokker 70
2189987.jpg,Fokker 70
1190655.jpg,Fokker 70
0870094.jpg,Fokker 70
2209492.jpg,Fokker 70
0792175.jpg,Fokker 70
0807954.jpg,Fokker 70
0483582.jpg,Fokker 70
1129248.jpg,Fokker 70
1674735.jpg,Fokker 70
1626921.jpg,Fokker 70
1107750.jpg,Fokker 70
0525838.jpg,Fokker 70
1204183.jpg,Fokker 70
0469133.jpg,Fokker 70
1007850.jpg,Fokker 70
0517626.jpg,Fokker 70
0064919.jpg,Fokker 70
1521075.jpg,Fokker 70
0848172.jpg,Fokker 70
2009533.jpg,Fokker 70
0842533.jpg,Fokker 70
1299601.jpg,Fokker 70
1640693.jpg,Fokker 70
0973166.jpg,Fokker 70
2164771.jpg,Fokker 70
0901157.jpg,Fokker 70
1092252.jpg,Fokker 70
1313340.jpg,Fokker 70
1001818.jpg,CRJ-700
0521261.jpg,CRJ-700
2243380.jpg,CRJ-700
0931743.jpg,CRJ-700
0209760.jpg,CRJ-700
1387820.jpg,CRJ-700
0476813.jpg,CRJ-700
1283832.jpg,CRJ-700
2239753.jpg,CRJ-700
2070642.jpg,CRJ-700
1260949.jpg,CRJ-700
0708643.jpg,CRJ-700
2070772.jpg,CRJ-700
0388910.jpg,CRJ-700
1249564.jpg,CRJ-700
1426526.jpg,CRJ-700
1429288.jpg,CRJ-700
1100466.jpg,CRJ-700
1109944.jpg,CRJ-700
0886623.jpg,CRJ-700
1698615.jpg,CRJ-700
0775040.jpg,CRJ-700
1378004.jpg,CRJ-700
1198137.jpg,CRJ-700
0245920.jpg,CRJ-700
0490833.jpg,CRJ-700
1338551.jpg,CRJ-700
2124891.jpg,CRJ-700
1631148.jpg,CRJ-700
0996983.jpg,CRJ-700
0303917.jpg,CRJ-700
0988559.jpg,CRJ-700
1473973.jpg,CRJ-700
0849350.jpg,CRJ-700
0695983.jpg,CRJ-700
1034320.jpg,CRJ-700
0312421.jpg,CRJ-700
1447976.jpg,CRJ-700
2124077.jpg,CRJ-700
2062292.jpg,CRJ-700
2234631.jpg,CRJ-700
1243371.jpg,CRJ-700
1759327.jpg,CRJ-700
1778108.jpg,CRJ-700
0383407.jpg,CRJ-700
0868107.jpg,CRJ-700
1385344.jpg,CRJ-700
1717925.jpg,CRJ-700
1608287.jpg,CRJ-700
0914134.jpg,CRJ-700
1382524.jpg,767-200
1182368.jpg,767-200
0310894.jpg,767-200
1935709.jpg,767-200
0237109.jpg,767-200
1798594.jpg,767-200
1383295.jpg,767-200
0147029.jpg,767-200
0907375.jpg,767-200
0204622.jpg,767-200
0936782.jpg,767-200
2183378.jpg,767-200
0062766.jpg,767-200
1521750.jpg,767-200
0894313.jpg,767-200
0490174.jpg,767-200
0738257.jpg,767-200
1514289.jpg,767-200
0188143.jpg,767-200
0713467.jpg,767-200
1355224.jpg,767-200
0063055.jpg,767-200
1004743.jpg,767-200
2221715.jpg,767-200
1379717.jpg,767-200
1230274.jpg,767-200
1564822.jpg,767-200
2200399.jpg,767-200
0908596.jpg,767-200
1862132.jpg,767-200
0955450.jpg,767-200
1703213.jpg,767-200
1860128.jpg,767-200
1307327.jpg,767-200
0668315.jpg,767-200
2026733.jpg,767-200
0658065.jpg,767-200
0179066.jpg,767-200
0953094.jpg,767-200
0576244.jpg,767-200
2004902.jpg,767-200
0744907.jpg,767-200
2124427.jpg,767-200
0187247.jpg,767-200
1529607.jpg,767-200
0191386.jpg,767-200
0457808.jpg,767-200
1390310.jpg,767-200
1736099.jpg,767-200
0476348.jpg,767-200
1459173.jpg,737-500
0130599.jpg,737-500
0942001.jpg,737-500
0457865.jpg,737-500
0361471.jpg,737-500
0175746.jpg,737-500
0944247.jpg,737-500
1340279.jpg,737-500
0618967.jpg,737-500
1313891.jpg,737-500
0974734.jpg,737-500
0894220.jpg,737-500
1264479.jpg,737-500
0657761.jpg,737-500
0698791.jpg,737-500
0723229.jpg,737-500
0445490.jpg,737-500
1336460.jpg,737-500
1852173.jpg,737-500
1842045.jpg,737-500
0151665.jpg,737-500
1818731.jpg,737-500
0143364.jpg,737-500
1051042.jpg,737-500
1362802.jpg,737-500
1272643.jpg,737-500
1337392.jpg,737-500
1053446.jpg,737-500
1687908.jpg,737-500
1033079.jpg,737-500
0114439.jpg,737-500
0706205.jpg,737-500
1372809.jpg,737-500
1376842.jpg,737-500
2002331.jpg,737-500
1548404.jpg,737-500
1163793.jpg,737-500
1570201.jpg,737-500
2103080.jpg,737-500
0143341.jpg,737-500
0114403.jpg,737-500
1891664.jpg,737-500
1749186.jpg,737-500
1543529.jpg,737-500
1258418.jpg,737-500
0097119.jpg,737-500
0865314.jpg,737-500
1358066.jpg,737-500
2170857.jpg,737-500
1377235.jpg,737-500
0792199.jpg,A320
0957899.jpg,A320
2008530.jpg,A320
1001811.jpg,A320
0807860.jpg,A320
1470663.jpg,A320
0147032.jpg,A320
1876402.jpg,A320
2057952.jpg,A320
0237111.jpg,A320
1603592.jpg,A320
0195003.jpg,A320
0412223.jpg,A320
1980084.jpg,A320
2163061.jpg,A320
0857653.jpg,A320
1102381.jpg,A320
0225210.jpg,A320
0959452.jpg,A320
1320095.jpg,A320
1401587.jpg,A320
0188550.jpg,A320
1553898.jpg,A320
1176949.jpg,A320
0699565.jpg,A320
1536390.jpg,A320
0523031.jpg,A320
0232377.jpg,A320
0324847.jpg,A320
1768872.jpg,A320
1109377.jpg,A320
1267078.jpg,A320
1008426.jpg,A320
0075759.jpg,A320
0361109.jpg,A320
2213523.jpg,A320
1739566.jpg,A320
1732549.jpg,A320
0115072.jpg,A320
1358695.jpg,A320
0625402.jpg,A320
0849417.jpg,A320
1683877.jpg,A320
1573348.jpg,A320
1293019.jpg,A320
1662015.jpg,A320
1110808.jpg,A320
0923532.jpg,A320
1942914.jpg,A320
1471543.jpg,A320
1611098.jpg,Tornado
1966899.jpg,Tornado
2118955.jpg,Tornado
0880063.jpg,Tornado
2031890.jpg,Tornado
1115161.jpg,Tornado
2118956.jpg,Tornado
0691437.jpg,Tornado
1607507.jpg,Tornado
2094375.jpg,Tornado
1966895.jpg,Tornado
0687272.jpg,Tornado
0586258.jpg,Tornado
1961232.jpg,Tornado
1174475.jpg,Tornado
1764704.jpg,Tornado
1280040.jpg,Tornado
1372373.jpg,Tornado
2080680.jpg,Tornado
1607467.jpg,Tornado
1859254.jpg,Tornado
2118872.jpg,Tornado
1091255.jpg,Tornado
1940190.jpg,Tornado
1270604.jpg,Tornado
2041569.jpg,Tornado
1349314.jpg,Tornado
1060704.jpg,Tornado
2118873.jpg,Tornado
1611095.jpg,Tornado
1240881.jpg,Tornado
1258555.jpg,Tornado
1482270.jpg,Tornado
1285957.jpg,Tornado
2080681.jpg,Tornado
1376307.jpg,Tornado
1607505.jpg,Tornado
0978114.jpg,Tornado
1360525.jpg,Tornado
0877084.jpg,Tornado
1218277.jpg,Tornado
0749197.jpg,Tornado
2063400.jpg,Tornado
0607518.jpg,Tornado
2162821.jpg,Tornado
1376345.jpg,Tornado
1611099.jpg,Tornado
1371541.jpg,Tornado
1266018.jpg,Tornado
1349345.jpg,Tornado
0698787.jpg,737-200
0438655.jpg,737-200
0054367.jpg,737-200
0225218.jpg,737-200
1187709.jpg,737-200
0127047.jpg,737-200
0091362.jpg,737-200
0062679.jpg,737-200
1143132.jpg,737-200
1398436.jpg,737-200
0921022.jpg,737-200
0056331.jpg,737-200
1831096.jpg,737-200
1295799.jpg,737-200
0815913.jpg,737-200
1296896.jpg,737-200
0822348.jpg,737-200
1860176.jpg,737-200
1036858.jpg,737-200
1296939.jpg,737-200
1548405.jpg,737-200
0065422.jpg,737-200
1754503.jpg,737-200
0147048.jpg,737-200
0723122.jpg,737-200
0894315.jpg,737-200
1152739.jpg,737-200
0198440.jpg,737-200
2054409.jpg,737-200
0458661.jpg,737-200
0494478.jpg,737-200
0037512.jpg,737-200
0894319.jpg,737-200
0875303.jpg,737-200
1297843.jpg,737-200
0981301.jpg,737-200
0880593.jpg,737-200
0447807.jpg,737-200
0950275.jpg,737-200
1258401.jpg,737-200
0034958.jpg,737-200
0198443.jpg,737-200
1110805.jpg,737-200
1942698.jpg,737-200
0522884.jpg,737-200
1713238.jpg,737-200
0067619.jpg,737-200
1514479.jpg,737-200
1395798.jpg,737-200
0061580.jpg,737-200
0447777.jpg,ATR-72
2222658.jpg,ATR-72
0732747.jpg,ATR-72
2218547.jpg,ATR-72
1088361.jpg,ATR-72
1594798.jpg,Tu-134
0720882.jpg,Tu-134
0836257.jpg,Tu-134
1312387.jpg,Tu-134
0944241.jpg,Tu-134
1601329.jpg,767-300
1313184.jpg,767-300
0061139.jpg,767-300
0558232.jpg,767-300
0870244.jpg,767-300
1955962.jpg,DR-400
2185964.jpg,DR-400
2075500.jpg,DR-400
1318818.jpg,DR-400
1882621.jpg,DR-400
1945975.jpg,F-16A
2145444.jpg,F-16A
1196995.jpg,F-16A
1601715.jpg,F-16A
0749915.jpg,F-16A
0699510.jpg,MD-90
1789452.jpg,MD-90
2247794.jpg,MD-90
1543498.jpg,MD-90
1073029.jpg,MD-90
0547330.jpg,DC-3
1274483.jpg,DC-3
2223262.jpg,DC-3
1543036.jpg,DC-3
0045133.jpg,DC-3
2184071.jpg,A330-300
1842062.jpg,A330-300
2191962.jpg,A330-300
0175819.jpg,A330-300
1926825.jpg,A330-300
1663628.jpg,A318
1869981.jpg,A318
1932555.jpg,A318
1535566.jpg,A318
1723838.jpg,A318
0647463.jpg,DC-6
1588561.jpg,DC-6
1335215.jpg,DC-6
0956802.jpg,DC-6
1226979.jpg,DC-6
1787739.jpg,777-300
1942551.jpg,777-300
2015492.jpg,777-300
1429301.jpg,777-300
1922917.jpg,777-300
0413335.jpg,EMB-120
0488504.jpg,EMB-120
1222195.jpg,EMB-120
1397531.jpg,EMB-120
0574357.jpg,EMB-120
1766203.jpg,Model B200
1840143.jpg,Model B200
2092668.jpg,Model B200
1193562.jpg,Model B200
0877087.jpg,Model B200
0701142.jpg,ERJ 145
1676591.jpg,ERJ 145
0925498.jpg,ERJ 145
1746035.jpg,ERJ 145
1343003.jpg,ERJ 145
1673598.jpg,DHC-1
1523427.jpg,DHC-1
1622728.jpg,DHC-1
0877062.jpg,DHC-1
1371730.jpg,DHC-1
1523895.jpg,DC-10
0218850.jpg,DC-10
0720225.jpg,DC-10
1187429.jpg,DC-10
0993489.jpg,DC-10
0853397.jpg,A310
1127082.jpg,A310
0181735.jpg,A310
1758544.jpg,A310
0130602.jpg,A310
0434343.jpg,A321
1295495.jpg,A321
2069707.jpg,A321
0547318.jpg,A321
0684603.jpg,A321
1446249.jpg,A340-200
0115074.jpg,A340-200
0719790.jpg,A340-200
1602273.jpg,A340-200
0240325.jpg,A340-200
0237115.jpg,BAE 146-200
1192235.jpg,BAE 146-200
0136140.jpg,BAE 146-200
2004307.jpg,BAE 146-200
1598901.jpg,BAE 146-200
1346116.jpg,Boeing 717
1971523.jpg,Boeing 717
1204271.jpg,Boeing 717
2175632.jpg,Boeing 717
1765610.jpg,Boeing 717
0257664.jpg,Fokker 50
1260869.jpg,Fokker 50
1117094.jpg,Fokker 50
0069769.jpg,Fokker 50
0487379.jpg,Fokker 50
1312508.jpg,BAE-125
1220934.jpg,BAE-125
0683604.jpg,BAE-125
0697871.jpg,BAE-125
1799613.jpg,BAE-125
2042721.jpg,Spitfire
0940709.jpg,Spitfire
1685685.jpg,Spitfire
1237253.jpg,Spitfire
1578664.jpg,Spitfire
1161864.jpg,ERJ 135
0457843.jpg,ERJ 135
2200431.jpg,ERJ 135
1926247.jpg,ERJ 135
1276718.jpg,ERJ 135
1364299.jpg,Challenger 600
1098395.jpg,Challenger 600
2206626.jpg,Challenger 600
1361462.jpg,Challenger 600
2106189.jpg,Challenger 600
2094229.jpg,737-600
0905907.jpg,737-600
1908388.jpg,737-600
1908628.jpg,737-600
0428665.jpg,737-600
1739526.jpg,747-200
1351594.jpg,747-200
1707900.jpg,747-200
1245887.jpg,747-200
0065830.jpg,747-200
0540390.jpg,DHC-6
1023007.jpg,DHC-6
2005736.jpg,DHC-6
0777090.jpg,DHC-6
2008454.jpg,DHC-6
0836251.jpg,Metroliner
1059772.jpg,Metroliner
0104853.jpg,Metroliner
0984996.jpg,Metroliner
1136155.jpg,Metroliner
1589410.jpg,A319
1691816.jpg,A319
1172046.jpg,A319
1003143.jpg,A319
1018875.jpg,A319
1060506.jpg,Cessna 560
1545982.jpg,Cessna 560
1362530.jpg,Cessna 560
1889545.jpg,Cessna 560
1970744.jpg,Cessna 560
1455400.jpg,Gulfstream IV
0918179.jpg,Gulfstream IV
1093824.jpg,Gulfstream IV
0890827.jpg,Gulfstream IV
1806237.jpg,Gulfstream IV
0037511.jpg,DC-9-30
0065579.jpg,DC-9-30
0302650.jpg,DC-9-30
0062255.jpg,DC-9-30
1377234.jpg,DC-9-30
0804670.jpg,747-100
0396525.jpg,747-100
0685282.jpg,747-100
1985184.jpg,747-100
0064007.jpg,747-100
0939579.jpg,777-200
1095676.jpg,777-200
0445392.jpg,777-200
1792328.jpg,777-200
1088532.jpg,777-200
0167123.jpg,DHC-8-100
1003141.jpg,DHC-8-100
0167124.jpg,DHC-8-100
0118430.jpg,DHC-8-100
0693515.jpg,DHC-8-100
1125994.jpg,Cessna 172
1709268.jpg,Cessna 172
1956487.jpg,Cessna 172
1923371.jpg,Cessna 172
0544844.jpg,Cessna 172
1601572.jpg,Cessna 525
2030169.jpg,Cessna 525
1550758.jpg,Cessna 525
0466917.jpg,Cessna 525
0093500.jpg,Cessna 525
0476814.jpg,747-300
0454746.jpg,747-300
0487369.jpg,747-300
0983542.jpg,747-300
1409250.jpg,747-300
